2023-06-02 17:21:58,918 WARNING [default] Attempting to get height of invalid bitmap
2023-06-02 17:21:58,918 WARNING [default] Attempting to get width of invalid bitmap
2023-06-02 17:21:58,929 WARNING [default] Attempting to get height of invalid bitmap
2023-06-02 17:21:58,929 WARNING [default] Attempting to get width of invalid bitmap
2023-06-02 17:22:18,899 WARNING [default] Attempting to get height of invalid bitmap
2023-06-02 17:22:18,899 WARNING [default] Attempting to get width of invalid bitmap
2023-06-02 17:22:18,905 WARNING [default] Attempting to get height of invalid bitmap
2023-06-02 17:22:18,905 WARNING [default] Attempting to get width of invalid bitmap
2023-06-02 17:22:25,669 WARNING [default] Attempting to get height of invalid bitmap
2023-06-02 17:22:25,669 WARNING [default] Attempting to get width of invalid bitmap
2023-06-02 17:22:25,674 WARNING [default] Attempting to get height of invalid bitmap
2023-06-02 17:22:25,674 WARNING [default] Attempting to get width of invalid bitmap
2023-06-02 17:22:38,559 WARNING [default] Attempting to get height of invalid bitmap
2023-06-02 17:22:38,559 WARNING [default] Attempting to get width of invalid bitmap
2023-06-02 17:22:38,566 WARNING [default] Attempting to get height of invalid bitmap
2023-06-02 17:22:38,566 WARNING [default] Attempting to get width of invalid bitmap
2023-06-02 17:24:27,845 WARNING [default] Attempting to get height of invalid bitmap
2023-06-02 17:24:27,845 WARNING [default] Attempting to get width of invalid bitmap
2023-06-02 17:24:27,851 WARNING [default] Attempting to get height of invalid bitmap
2023-06-02 17:24:27,851 WARNING [default] Attempting to get width of invalid bitmap
2023-06-02 17:25:23,900 WARNING [default] Attempting to get height of invalid bitmap
2023-06-02 17:25:23,900 WARNING [default] Attempting to get width of invalid bitmap
2023-06-02 17:25:23,903 WARNING [default] Attempting to get height of invalid bitmap
2023-06-02 17:25:23,903 WARNING [default] Attempting to get width of invalid bitmap
2023-06-02 19:08:52,517 WARNING [default] Attempting to get height of invalid bitmap
2023-06-02 19:08:52,517 WARNING [default] Attempting to get width of invalid bitmap
2023-06-02 19:08:52,523 WARNING [default] Attempting to get height of invalid bitmap
2023-06-02 19:08:52,523 WARNING [default] Attempting to get width of invalid bitmap
2023-06-02 19:08:52,563 WARNING [default] Attempting to get height of invalid bitmap
2023-06-02 19:08:52,563 WARNING [default] Attempting to get width of invalid bitmap
2023-06-02 19:08:52,563 WARNING [default] Attempting to get height of invalid bitmap
2023-06-02 19:08:52,563 WARNING [default] Attempting to get width of invalid bitmap
2023-06-02 19:17:43,621 WARNING [default] Attempting to get height of invalid bitmap
2023-06-02 19:17:43,622 WARNING [default] Attempting to get width of invalid bitmap
2023-06-02 19:17:43,629 WARNING [default] Attempting to get height of invalid bitmap
2023-06-02 19:17:43,629 WARNING [default] Attempting to get width of invalid bitmap
2023-06-02 19:17:43,675 WARNING [default] Attempting to get height of invalid bitmap
2023-06-02 19:17:43,675 WARNING [default] Attempting to get width of invalid bitmap
2023-06-02 19:17:43,675 WARNING [default] Attempting to get height of invalid bitmap
2023-06-02 19:17:43,675 WARNING [default] Attempting to get width of invalid bitmap
2023-06-03 00:38:18,262 WARNING [default] Attempting to get height of invalid bitmap
2023-06-03 00:38:18,262 WARNING [default] Attempting to get width of invalid bitmap
2023-06-03 00:38:18,267 WARNING [default] Attempting to get height of invalid bitmap
2023-06-03 00:38:18,267 WARNING [default] Attempting to get width of invalid bitmap
2023-06-03 00:38:18,288 WARNING [default] Attempting to get height of invalid bitmap
2023-06-03 00:38:18,289 WARNING [default] Attempting to get width of invalid bitmap
2023-06-03 00:38:18,289 WARNING [default] Attempting to get height of invalid bitmap
2023-06-03 00:38:18,289 WARNING [default] Attempting to get width of invalid bitmap
2023-06-03 00:38:18,292 WARNING [default] Attempting to get height of invalid bitmap
2023-06-03 00:38:18,292 WARNING [default] Attempting to get width of invalid bitmap
2023-06-03 00:38:39,110 WARNING [default] Attempting to get height of invalid bitmap
2023-06-03 00:38:39,110 WARNING [default] Attempting to get width of invalid bitmap
2023-06-03 00:38:39,113 WARNING [default] Attempting to get height of invalid bitmap
2023-06-03 00:38:39,113 WARNING [default] Attempting to get width of invalid bitmap
2023-06-03 00:38:39,130 WARNING [default] Attempting to get height of invalid bitmap
2023-06-03 00:38:39,130 WARNING [default] Attempting to get width of invalid bitmap
2023-06-03 00:38:39,130 WARNING [default] Attempting to get height of invalid bitmap
2023-06-03 00:38:39,130 WARNING [default] Attempting to get width of invalid bitmap
2023-06-03 00:38:39,133 WARNING [default] Attempting to get height of invalid bitmap
2023-06-03 00:38:39,133 WARNING [default] Attempting to get width of invalid bitmap
2023-06-03 00:39:44,866 WARNING [default] Attempting to get height of invalid bitmap
2023-06-03 00:39:44,866 WARNING [default] Attempting to get width of invalid bitmap
2023-06-03 00:39:44,868 WARNING [default] Attempting to get height of invalid bitmap
2023-06-03 00:39:44,868 WARNING [default] Attempting to get width of invalid bitmap
2023-06-03 00:39:44,885 WARNING [default] Attempting to get height of invalid bitmap
2023-06-03 00:39:44,885 WARNING [default] Attempting to get width of invalid bitmap
2023-06-03 00:39:44,885 WARNING [default] Attempting to get height of invalid bitmap
2023-06-03 00:39:44,885 WARNING [default] Attempting to get width of invalid bitmap
2023-06-03 00:39:44,887 WARNING [default] Attempting to get height of invalid bitmap
2023-06-03 00:39:44,887 WARNING [default] Attempting to get width of invalid bitmap
2023-06-03 00:39:59,397 WARNING [default] Attempting to get height of invalid bitmap
2023-06-03 00:39:59,397 WARNING [default] Attempting to get width of invalid bitmap
2023-06-03 00:39:59,399 WARNING [default] Attempting to get height of invalid bitmap
2023-06-03 00:39:59,399 WARNING [default] Attempting to get width of invalid bitmap
2023-06-03 00:39:59,416 WARNING [default] Attempting to get height of invalid bitmap
2023-06-03 00:39:59,416 WARNING [default] Attempting to get width of invalid bitmap
2023-06-03 00:39:59,417 WARNING [default] Attempting to get height of invalid bitmap
2023-06-03 00:39:59,417 WARNING [default] Attempting to get width of invalid bitmap
2023-06-03 00:39:59,419 WARNING [default] Attempting to get height of invalid bitmap
2023-06-03 00:39:59,419 WARNING [default] Attempting to get width of invalid bitmap
2023-06-03 00:40:33,557 WARNING [default] Attempting to get height of invalid bitmap
2023-06-03 00:40:33,558 WARNING [default] Attempting to get width of invalid bitmap
2023-06-03 00:40:33,560 WARNING [default] Attempting to get height of invalid bitmap
2023-06-03 00:40:33,560 WARNING [default] Attempting to get width of invalid bitmap
2023-06-03 00:40:33,576 WARNING [default] Attempting to get height of invalid bitmap
2023-06-03 00:40:33,576 WARNING [default] Attempting to get width of invalid bitmap
2023-06-03 00:40:33,576 WARNING [default] Attempting to get height of invalid bitmap
2023-06-03 00:40:33,576 WARNING [default] Attempting to get width of invalid bitmap
2023-06-03 00:40:33,579 WARNING [default] Attempting to get height of invalid bitmap
2023-06-03 00:40:33,579 WARNING [default] Attempting to get width of invalid bitmap
2023-06-03 00:41:05,212 WARNING [default] Attempting to get height of invalid bitmap
2023-06-03 00:41:05,213 WARNING [default] Attempting to get width of invalid bitmap
2023-06-03 00:41:05,216 WARNING [default] Attempting to get height of invalid bitmap
2023-06-03 00:41:05,216 WARNING [default] Attempting to get width of invalid bitmap
2023-06-03 00:41:05,233 WARNING [default] Attempting to get height of invalid bitmap
2023-06-03 00:41:05,233 WARNING [default] Attempting to get width of invalid bitmap
2023-06-03 00:41:05,234 WARNING [default] Attempting to get height of invalid bitmap
2023-06-03 00:41:05,234 WARNING [default] Attempting to get width of invalid bitmap
2023-06-03 00:41:05,235 WARNING [default] Attempting to get height of invalid bitmap
2023-06-03 00:41:05,235 WARNING [default] Attempting to get width of invalid bitmap
2023-06-03 00:56:56,111 WARNING [default] Attempting to get height of invalid bitmap
2023-06-03 00:56:56,111 WARNING [default] Attempting to get width of invalid bitmap
2023-06-03 00:56:56,114 WARNING [default] Attempting to get height of invalid bitmap
2023-06-03 00:56:56,114 WARNING [default] Attempting to get width of invalid bitmap
2023-06-03 00:56:56,132 WARNING [default] Attempting to get height of invalid bitmap
2023-06-03 00:56:56,132 WARNING [default] Attempting to get width of invalid bitmap
2023-06-03 00:56:56,132 WARNING [default] Attempting to get height of invalid bitmap
2023-06-03 00:56:56,132 WARNING [default] Attempting to get width of invalid bitmap
2023-06-03 00:56:56,135 WARNING [default] Attempting to get height of invalid bitmap
2023-06-03 00:56:56,135 WARNING [default] Attempting to get width of invalid bitmap
2023-06-03 00:56:56,136 WARNING [default] Attempting to get height of invalid bitmap
2023-06-03 00:56:56,136 WARNING [default] Attempting to get width of invalid bitmap
2023-06-03 00:57:28,815 WARNING [default] Attempting to get height of invalid bitmap
2023-06-03 00:57:28,815 WARNING [default] Attempting to get width of invalid bitmap
2023-06-03 00:57:28,817 WARNING [default] Attempting to get height of invalid bitmap
2023-06-03 00:57:28,817 WARNING [default] Attempting to get width of invalid bitmap
2023-06-03 00:57:28,834 WARNING [default] Attempting to get height of invalid bitmap
2023-06-03 00:57:28,834 WARNING [default] Attempting to get width of invalid bitmap
2023-06-03 00:57:28,834 WARNING [default] Attempting to get height of invalid bitmap
2023-06-03 00:57:28,834 WARNING [default] Attempting to get width of invalid bitmap
2023-06-03 00:57:28,837 WARNING [default] Attempting to get height of invalid bitmap
2023-06-03 00:57:28,837 WARNING [default] Attempting to get width of invalid bitmap
2023-06-03 00:57:28,838 WARNING [default] Attempting to get height of invalid bitmap
2023-06-03 00:57:28,838 WARNING [default] Attempting to get width of invalid bitmap
2023-06-03 02:04:16,484 WARNING [default] Attempting to get height of invalid bitmap
2023-06-03 02:04:16,484 WARNING [default] Attempting to get width of invalid bitmap
2023-06-03 02:04:16,487 WARNING [default] Attempting to get height of invalid bitmap
2023-06-03 02:04:16,487 WARNING [default] Attempting to get width of invalid bitmap
2023-06-03 02:04:16,503 WARNING [default] Attempting to get height of invalid bitmap
2023-06-03 02:04:16,503 WARNING [default] Attempting to get width of invalid bitmap
2023-06-03 02:04:16,504 WARNING [default] Attempting to get height of invalid bitmap
2023-06-03 02:04:16,504 WARNING [default] Attempting to get width of invalid bitmap
2023-06-03 02:04:16,506 WARNING [default] Attempting to get height of invalid bitmap
2023-06-03 02:04:16,506 WARNING [default] Attempting to get width of invalid bitmap
2023-06-03 02:04:16,544 WARNING [default] Attempting to get height of invalid bitmap
2023-06-03 02:04:16,544 WARNING [default] Attempting to get width of invalid bitmap
2023-06-03 02:04:16,544 WARNING [default] Attempting to get height of invalid bitmap
2023-06-03 02:04:16,544 WARNING [default] Attempting to get width of invalid bitmap
2023-06-03 02:04:16,545 WARNING [default] Attempting to get height of invalid bitmap
2023-06-03 02:04:16,545 WARNING [default] Attempting to get width of invalid bitmap
2023-06-03 02:04:43,164 WARNING [default] Attempting to get height of invalid bitmap
2023-06-03 02:04:43,164 WARNING [default] Attempting to get width of invalid bitmap
2023-06-03 02:04:43,167 WARNING [default] Attempting to get height of invalid bitmap
2023-06-03 02:04:43,167 WARNING [default] Attempting to get width of invalid bitmap
2023-06-03 02:04:43,184 WARNING [default] Attempting to get height of invalid bitmap
2023-06-03 02:04:43,184 WARNING [default] Attempting to get width of invalid bitmap
2023-06-03 02:04:43,184 WARNING [default] Attempting to get height of invalid bitmap
2023-06-03 02:04:43,184 WARNING [default] Attempting to get width of invalid bitmap
2023-06-03 02:04:43,186 WARNING [default] Attempting to get height of invalid bitmap
2023-06-03 02:04:43,186 WARNING [default] Attempting to get width of invalid bitmap
2023-06-03 02:04:43,188 WARNING [default] Attempting to get height of invalid bitmap
2023-06-03 02:04:43,188 WARNING [default] Attempting to get width of invalid bitmap
2023-06-03 02:04:43,188 WARNING [default] Attempting to get height of invalid bitmap
2023-06-03 02:04:43,188 WARNING [default] Attempting to get width of invalid bitmap
2023-06-03 02:04:43,189 WARNING [default] Attempting to get height of invalid bitmap
2023-06-03 02:04:43,189 WARNING [default] Attempting to get width of invalid bitmap
2023-06-04 00:14:46,747 WARNING [default] Unable to locate animation file for player (C:\msys64\home\Nathan\customProgram\bin\Debug\net7.0\animations\player.txt)
2023-06-04 00:14:46,749 WARNING [default] Attempting to get height of invalid bitmap
2023-06-04 00:14:46,749 WARNING [default] Attempting to get width of invalid bitmap
2023-06-04 00:14:46,751 WARNING [default] Attempting to use invalid animation script
2023-06-04 00:14:46,752 WARNING [default] Attempting to get height of invalid bitmap
2023-06-04 00:14:46,752 WARNING [default] Attempting to get width of invalid bitmap
2023-06-04 00:14:46,753 WARNING [default] Attempting to get height of invalid bitmap
2023-06-04 00:14:46,753 WARNING [default] Attempting to get width of invalid bitmap
2023-06-04 00:14:46,772 WARNING [default] Unable to locate animation file for player (C:\msys64\home\Nathan\customProgram\bin\Debug\net7.0\animations\player.txt)
2023-06-04 00:14:46,772 WARNING [default] Attempting to get height of invalid bitmap
2023-06-04 00:14:46,772 WARNING [default] Attempting to get width of invalid bitmap
2023-06-04 00:14:46,772 WARNING [default] Attempting to use invalid animation script
2023-06-04 00:14:46,772 WARNING [default] Attempting to get height of invalid bitmap
2023-06-04 00:14:46,772 WARNING [default] Attempting to get width of invalid bitmap
2023-06-04 00:14:46,772 WARNING [default] Attempting to get height of invalid bitmap
2023-06-04 00:14:46,772 WARNING [default] Attempting to get width of invalid bitmap
2023-06-04 00:14:46,774 WARNING [default] Unable to locate animation file for player (C:\msys64\home\Nathan\customProgram\bin\Debug\net7.0\animations\player.txt)
2023-06-04 00:14:46,775 WARNING [default] Attempting to get height of invalid bitmap
2023-06-04 00:14:46,775 WARNING [default] Attempting to get width of invalid bitmap
2023-06-04 00:14:46,775 WARNING [default] Attempting to use invalid animation script
2023-06-04 00:14:46,775 WARNING [default] Attempting to get height of invalid bitmap
2023-06-04 00:14:46,775 WARNING [default] Attempting to get width of invalid bitmap
2023-06-04 00:14:46,776 WARNING [default] Unable to locate animation file for player (C:\msys64\home\Nathan\customProgram\bin\Debug\net7.0\animations\player.txt)
2023-06-04 00:14:46,776 WARNING [default] Attempting to get height of invalid bitmap
2023-06-04 00:14:46,776 WARNING [default] Attempting to get width of invalid bitmap
2023-06-04 00:14:46,776 WARNING [default] Attempting to use invalid animation script
2023-06-04 00:14:46,776 WARNING [default] Attempting to get height of invalid bitmap
2023-06-04 00:14:46,776 WARNING [default] Attempting to get width of invalid bitmap
2023-06-04 00:14:46,777 WARNING [default] Unable to locate animation file for player (C:\msys64\home\Nathan\customProgram\bin\Debug\net7.0\animations\player.txt)
2023-06-04 00:14:46,777 WARNING [default] Attempting to get height of invalid bitmap
2023-06-04 00:14:46,777 WARNING [default] Attempting to get width of invalid bitmap
2023-06-04 00:14:46,777 WARNING [default] Attempting to use invalid animation script
2023-06-04 00:14:46,777 WARNING [default] Attempting to get height of invalid bitmap
2023-06-04 00:14:46,777 WARNING [default] Attempting to get width of invalid bitmap
2023-06-04 00:14:46,778 WARNING [default] Unable to locate animation file for player (C:\msys64\home\Nathan\customProgram\bin\Debug\net7.0\animations\player.txt)
2023-06-04 00:14:46,778 WARNING [default] Attempting to get height of invalid bitmap
2023-06-04 00:14:46,778 WARNING [default] Attempting to get width of invalid bitmap
2023-06-04 00:14:46,778 WARNING [default] Attempting to use invalid animation script
2023-06-04 00:14:46,778 WARNING [default] Attempting to get height of invalid bitmap
2023-06-04 00:14:46,778 WARNING [default] Attempting to get width of invalid bitmap
2023-06-04 00:22:09,600 WARNING [default] Unable to locate animation file for player (C:\msys64\home\Nathan\customProgram\bin\Debug\net7.0\animations\player.txt)
2023-06-04 00:22:09,601 WARNING [default] Attempting to get height of invalid bitmap
2023-06-04 00:22:09,601 WARNING [default] Attempting to get width of invalid bitmap
2023-06-04 00:22:09,602 WARNING [default] Attempting to use invalid animation script
2023-06-04 00:22:09,603 WARNING [default] Attempting to get height of invalid bitmap
2023-06-04 00:22:09,603 WARNING [default] Attempting to get width of invalid bitmap
2023-06-04 00:22:09,603 WARNING [default] Attempting to get height of invalid bitmap
2023-06-04 00:22:09,603 WARNING [default] Attempting to get width of invalid bitmap
2023-06-04 00:22:09,620 WARNING [default] Unable to locate animation file for player (C:\msys64\home\Nathan\customProgram\bin\Debug\net7.0\animations\player.txt)
2023-06-04 00:22:09,620 WARNING [default] Attempting to get height of invalid bitmap
2023-06-04 00:22:09,620 WARNING [default] Attempting to get width of invalid bitmap
2023-06-04 00:22:09,620 WARNING [default] Attempting to use invalid animation script
2023-06-04 00:22:09,620 WARNING [default] Attempting to get height of invalid bitmap
2023-06-04 00:22:09,620 WARNING [default] Attempting to get width of invalid bitmap
2023-06-04 00:22:09,620 WARNING [default] Attempting to get height of invalid bitmap
2023-06-04 00:22:09,620 WARNING [default] Attempting to get width of invalid bitmap
2023-06-04 00:22:09,623 WARNING [default] Unable to locate animation file for player (C:\msys64\home\Nathan\customProgram\bin\Debug\net7.0\animations\player.txt)
2023-06-04 00:22:09,623 WARNING [default] Attempting to get height of invalid bitmap
2023-06-04 00:22:09,623 WARNING [default] Attempting to get width of invalid bitmap
2023-06-04 00:22:09,623 WARNING [default] Attempting to use invalid animation script
2023-06-04 00:22:09,623 WARNING [default] Attempting to get height of invalid bitmap
2023-06-04 00:22:09,623 WARNING [default] Attempting to get width of invalid bitmap
2023-06-04 00:22:09,624 WARNING [default] Unable to locate animation file for player (C:\msys64\home\Nathan\customProgram\bin\Debug\net7.0\animations\player.txt)
2023-06-04 00:22:09,624 WARNING [default] Attempting to get height of invalid bitmap
2023-06-04 00:22:09,624 WARNING [default] Attempting to get width of invalid bitmap
2023-06-04 00:22:09,624 WARNING [default] Attempting to use invalid animation script
2023-06-04 00:22:09,624 WARNING [default] Attempting to get height of invalid bitmap
2023-06-04 00:22:09,624 WARNING [default] Attempting to get width of invalid bitmap
2023-06-04 00:22:09,625 WARNING [default] Unable to locate animation file for player (C:\msys64\home\Nathan\customProgram\bin\Debug\net7.0\animations\player.txt)
2023-06-04 00:22:09,625 WARNING [default] Attempting to get height of invalid bitmap
2023-06-04 00:22:09,625 WARNING [default] Attempting to get width of invalid bitmap
2023-06-04 00:22:09,625 WARNING [default] Attempting to use invalid animation script
2023-06-04 00:22:09,625 WARNING [default] Attempting to get height of invalid bitmap
2023-06-04 00:22:09,625 WARNING [default] Attempting to get width of invalid bitmap
2023-06-04 00:22:09,626 WARNING [default] Unable to locate animation file for player (C:\msys64\home\Nathan\customProgram\bin\Debug\net7.0\animations\player.txt)
2023-06-04 00:22:09,626 WARNING [default] Attempting to get height of invalid bitmap
2023-06-04 00:22:09,626 WARNING [default] Attempting to get width of invalid bitmap
2023-06-04 00:22:09,626 WARNING [default] Attempting to use invalid animation script
2023-06-04 00:22:09,626 WARNING [default] Attempting to get height of invalid bitmap
2023-06-04 00:22:09,626 WARNING [default] Attempting to get width of invalid bitmap
2023-06-06 03:21:08,636 WARNING [default] Attempting to get height of invalid bitmap
2023-06-06 03:21:08,636 WARNING [default] Attempting to get width of invalid bitmap
2023-06-06 03:21:08,653 WARNING [default] Attempting to get height of invalid bitmap
2023-06-06 03:21:08,653 WARNING [default] Attempting to get width of invalid bitmap
2023-06-06 03:22:12,885 WARNING [default] Attempting to get height of invalid bitmap
2023-06-06 03:22:12,885 WARNING [default] Attempting to get width of invalid bitmap
2023-06-06 03:22:12,902 WARNING [default] Attempting to get height of invalid bitmap
2023-06-06 03:22:12,902 WARNING [default] Attempting to get width of invalid bitmap
2023-06-06 03:22:55,837 WARNING [default] Attempting to get height of invalid bitmap
2023-06-06 03:22:55,837 WARNING [default] Attempting to get width of invalid bitmap
2023-06-06 03:22:55,853 WARNING [default] Attempting to get height of invalid bitmap
2023-06-06 03:22:55,853 WARNING [default] Attempting to get width of invalid bitmap
2023-06-06 04:05:46,711 WARNING [default] Attempting to get height of invalid bitmap
2023-06-06 04:05:46,711 WARNING [default] Attempting to get width of invalid bitmap
2023-06-06 04:05:46,716 WARNING [default] Attempting to get height of invalid bitmap
2023-06-06 04:05:46,716 WARNING [default] Attempting to get width of invalid bitmap
2023-06-06 04:07:04,907 WARNING [default] Attempting to get height of invalid bitmap
2023-06-06 04:07:04,907 WARNING [default] Attempting to get width of invalid bitmap
2023-06-06 04:07:04,909 WARNING [default] Attempting to get height of invalid bitmap
2023-06-06 04:07:04,909 WARNING [default] Attempting to get width of invalid bitmap
2023-06-06 04:07:49,374 WARNING [default] Attempting to get height of invalid bitmap
2023-06-06 04:07:49,374 WARNING [default] Attempting to get width of invalid bitmap
2023-06-06 04:07:49,376 WARNING [default] Attempting to get height of invalid bitmap
2023-06-06 04:07:49,376 WARNING [default] Attempting to get width of invalid bitmap
2023-06-06 04:13:11,774 WARNING [default] Unable to locate animation file for player (C:\msys64\home\Nathan\customProgram\bin\Debug\net7.0\animations\player.txt)
2023-06-06 04:13:11,775 WARNING [default] Attempting to get height of invalid bitmap
2023-06-06 04:13:11,775 WARNING [default] Attempting to get width of invalid bitmap
2023-06-06 04:13:11,776 WARNING [default] Attempting to use invalid animation script
2023-06-06 04:13:11,777 WARNING [default] Unable to locate animation file for assassinScript (C:\msys64\home\Nathan\customProgram\bin\Debug\net7.0\animations\assassin.txt)
2023-06-06 04:13:11,777 WARNING [default] Attempting to get height of invalid bitmap
2023-06-06 04:13:11,777 WARNING [default] Attempting to get width of invalid bitmap
2023-06-06 04:13:11,777 WARNING [default] Attempting to use invalid animation script
2023-06-06 04:13:11,796 WARNING [default] Unable to locate animation file for player (C:\msys64\home\Nathan\customProgram\bin\Debug\net7.0\animations\player.txt)
2023-06-06 04:13:11,796 WARNING [default] Attempting to get height of invalid bitmap
2023-06-06 04:13:11,796 WARNING [default] Attempting to get width of invalid bitmap
2023-06-06 04:13:11,796 WARNING [default] Attempting to use invalid animation script
2023-06-06 04:13:11,796 WARNING [default] Attempting to get height of invalid bitmap
2023-06-06 04:13:11,796 WARNING [default] Attempting to get width of invalid bitmap
2023-06-06 04:13:11,798 WARNING [default] Unable to locate animation file for player (C:\msys64\home\Nathan\customProgram\bin\Debug\net7.0\animations\player.txt)
2023-06-06 04:13:11,798 WARNING [default] Attempting to get height of invalid bitmap
2023-06-06 04:13:11,798 WARNING [default] Attempting to get width of invalid bitmap
2023-06-06 04:13:11,798 WARNING [default] Attempting to use invalid animation script
2023-06-06 04:13:11,799 WARNING [default] Attempting to get height of invalid bitmap
2023-06-06 04:13:11,799 WARNING [default] Attempting to get width of invalid bitmap
2023-06-06 04:13:11,800 WARNING [default] Unable to locate animation file for player (C:\msys64\home\Nathan\customProgram\bin\Debug\net7.0\animations\player.txt)
2023-06-06 04:13:11,800 WARNING [default] Attempting to get height of invalid bitmap
2023-06-06 04:13:11,800 WARNING [default] Attempting to get width of invalid bitmap
2023-06-06 04:13:11,800 WARNING [default] Attempting to use invalid animation script
2023-06-06 04:13:11,801 WARNING [default] Unable to locate animation file for player (C:\msys64\home\Nathan\customProgram\bin\Debug\net7.0\animations\player.txt)
2023-06-06 04:13:11,801 WARNING [default] Attempting to get height of invalid bitmap
2023-06-06 04:13:11,801 WARNING [default] Attempting to get width of invalid bitmap
2023-06-06 04:13:11,801 WARNING [default] Attempting to use invalid animation script
2023-06-06 04:13:11,801 WARNING [default] Unable to locate animation file for player (C:\msys64\home\Nathan\customProgram\bin\Debug\net7.0\animations\player.txt)
2023-06-06 04:13:11,801 WARNING [default] Attempting to get height of invalid bitmap
2023-06-06 04:13:11,801 WARNING [default] Attempting to get width of invalid bitmap
2023-06-06 04:13:11,801 WARNING [default] Attempting to use invalid animation script
2023-06-06 04:13:11,802 WARNING [default] Unable to locate animation file for player (C:\msys64\home\Nathan\customProgram\bin\Debug\net7.0\animations\player.txt)
2023-06-06 04:13:11,802 WARNING [default] Attempting to get height of invalid bitmap
2023-06-06 04:13:11,802 WARNING [default] Attempting to get width of invalid bitmap
2023-06-06 04:13:11,802 WARNING [default] Attempting to use invalid animation script
2023-06-06 04:20:18,056 WARNING [default] Unable to locate animation file for player (C:\msys64\home\Nathan\customProgram\bin\Debug\net7.0\animations\player.txt)
2023-06-06 04:20:18,057 WARNING [default] Attempting to get height of invalid bitmap
2023-06-06 04:20:18,057 WARNING [default] Attempting to get width of invalid bitmap
2023-06-06 04:20:18,058 WARNING [default] Attempting to use invalid animation script
2023-06-06 04:20:18,059 WARNING [default] Unable to locate animation file for assassinScript (C:\msys64\home\Nathan\customProgram\bin\Debug\net7.0\animations\assassin.txt)
2023-06-06 04:20:18,059 WARNING [default] Attempting to get height of invalid bitmap
2023-06-06 04:20:18,059 WARNING [default] Attempting to get width of invalid bitmap
2023-06-06 04:20:18,059 WARNING [default] Attempting to use invalid animation script
2023-06-06 04:20:18,077 WARNING [default] Unable to locate animation file for player (C:\msys64\home\Nathan\customProgram\bin\Debug\net7.0\animations\player.txt)
2023-06-06 04:20:18,077 WARNING [default] Attempting to get height of invalid bitmap
2023-06-06 04:20:18,077 WARNING [default] Attempting to get width of invalid bitmap
2023-06-06 04:20:18,077 WARNING [default] Attempting to use invalid animation script
2023-06-06 04:20:18,077 WARNING [default] Unable to locate animation file for skeleton (C:\msys64\home\Nathan\customProgram\bin\Debug\net7.0\animations\skeleton.txt)
2023-06-06 04:20:18,077 WARNING [default] Attempting to get height of invalid bitmap
2023-06-06 04:20:18,077 WARNING [default] Attempting to get width of invalid bitmap
2023-06-06 04:20:18,077 WARNING [default] Attempting to use invalid animation script
2023-06-06 04:20:18,078 WARNING [default] Attempting to get height of invalid bitmap
2023-06-06 04:20:18,078 WARNING [default] Attempting to get width of invalid bitmap
2023-06-06 04:20:18,080 WARNING [default] Attempting to draw to a surface that does not exist.
2023-06-06 04:20:18,082 WARNING [default] Unable to locate animation file for player (C:\msys64\home\Nathan\customProgram\bin\Debug\net7.0\animations\player.txt)
2023-06-06 04:20:18,082 WARNING [default] Attempting to get height of invalid bitmap
2023-06-06 04:20:18,082 WARNING [default] Attempting to get width of invalid bitmap
2023-06-06 04:20:18,082 WARNING [default] Attempting to use invalid animation script
2023-06-06 04:20:18,083 WARNING [default] Attempting to get height of invalid bitmap
2023-06-06 04:20:18,083 WARNING [default] Attempting to get width of invalid bitmap
2023-06-06 04:20:18,083 WARNING [default] Unable to locate animation file for player (C:\msys64\home\Nathan\customProgram\bin\Debug\net7.0\animations\player.txt)
2023-06-06 04:20:18,083 WARNING [default] Attempting to get height of invalid bitmap
2023-06-06 04:20:18,083 WARNING [default] Attempting to get width of invalid bitmap
2023-06-06 04:20:18,083 WARNING [default] Attempting to use invalid animation script
2023-06-06 04:20:18,084 WARNING [default] Attempting to get height of invalid bitmap
2023-06-06 04:20:18,084 WARNING [default] Attempting to get width of invalid bitmap
2023-06-06 04:20:18,084 WARNING [default] Unable to locate animation file for player (C:\msys64\home\Nathan\customProgram\bin\Debug\net7.0\animations\player.txt)
2023-06-06 04:20:18,084 WARNING [default] Attempting to get height of invalid bitmap
2023-06-06 04:20:18,084 WARNING [default] Attempting to get width of invalid bitmap
2023-06-06 04:20:18,085 WARNING [default] Attempting to use invalid animation script
2023-06-06 04:20:18,085 WARNING [default] Unable to locate animation file for player (C:\msys64\home\Nathan\customProgram\bin\Debug\net7.0\animations\player.txt)
2023-06-06 04:20:18,085 WARNING [default] Attempting to get height of invalid bitmap
2023-06-06 04:20:18,085 WARNING [default] Attempting to get width of invalid bitmap
2023-06-06 04:20:18,085 WARNING [default] Attempting to use invalid animation script
2023-06-06 04:20:18,086 WARNING [default] Unable to locate animation file for player (C:\msys64\home\Nathan\customProgram\bin\Debug\net7.0\animations\player.txt)
2023-06-06 04:20:18,086 WARNING [default] Attempting to get height of invalid bitmap
2023-06-06 04:20:18,086 WARNING [default] Attempting to get width of invalid bitmap
2023-06-06 04:20:18,086 WARNING [default] Attempting to use invalid animation script
2023-06-06 04:20:18,087 WARNING [default] Unable to locate animation file for player (C:\msys64\home\Nathan\customProgram\bin\Debug\net7.0\animations\player.txt)
2023-06-06 04:20:18,087 WARNING [default] Attempting to get height of invalid bitmap
2023-06-06 04:20:18,087 WARNING [default] Attempting to get width of invalid bitmap
2023-06-06 04:20:18,087 WARNING [default] Attempting to use invalid animation script
2023-06-06 04:22:06,297 WARNING [default] Unable to locate animation file for player (C:\msys64\home\Nathan\customProgram\bin\Debug\net7.0\animations\player.txt)
2023-06-06 04:22:06,298 WARNING [default] Attempting to get height of invalid bitmap
2023-06-06 04:22:06,298 WARNING [default] Attempting to get width of invalid bitmap
2023-06-06 04:22:06,298 WARNING [default] Attempting to use invalid animation script
2023-06-06 04:22:06,300 WARNING [default] Unable to locate animation file for assassinScript (C:\msys64\home\Nathan\customProgram\bin\Debug\net7.0\animations\assassin.txt)
2023-06-06 04:22:06,300 WARNING [default] Attempting to get height of invalid bitmap
2023-06-06 04:22:06,300 WARNING [default] Attempting to get width of invalid bitmap
2023-06-06 04:22:06,300 WARNING [default] Attempting to use invalid animation script
2023-06-06 04:22:06,321 WARNING [default] Unable to locate animation file for player (C:\msys64\home\Nathan\customProgram\bin\Debug\net7.0\animations\player.txt)
2023-06-06 04:22:06,321 WARNING [default] Attempting to get height of invalid bitmap
2023-06-06 04:22:06,321 WARNING [default] Attempting to get width of invalid bitmap
2023-06-06 04:22:06,321 WARNING [default] Attempting to use invalid animation script
2023-06-06 04:22:06,345 WARNING [default] Unable to locate animation file for player (C:\msys64\home\Nathan\customProgram\bin\Debug\net7.0\animations\player.txt)
2023-06-06 04:22:06,345 WARNING [default] Attempting to get height of invalid bitmap
2023-06-06 04:22:06,345 WARNING [default] Attempting to get width of invalid bitmap
2023-06-06 04:22:06,345 WARNING [default] Attempting to use invalid animation script
2023-06-06 04:22:06,345 WARNING [default] Unable to locate animation file for skeleton (C:\msys64\home\Nathan\customProgram\bin\Debug\net7.0\animations\skeleton.txt)
2023-06-06 04:22:06,345 WARNING [default] Attempting to get height of invalid bitmap
2023-06-06 04:22:06,345 WARNING [default] Attempting to get width of invalid bitmap
2023-06-06 04:22:06,345 WARNING [default] Attempting to use invalid animation script
2023-06-06 04:22:06,346 WARNING [default] Attempting to get height of invalid bitmap
2023-06-06 04:22:06,346 WARNING [default] Attempting to get width of invalid bitmap
2023-06-06 04:22:06,348 WARNING [default] Attempting to draw to a surface that does not exist.
2023-06-06 04:22:06,350 WARNING [default] Unable to locate animation file for player (C:\msys64\home\Nathan\customProgram\bin\Debug\net7.0\animations\player.txt)
2023-06-06 04:22:06,350 WARNING [default] Attempting to get height of invalid bitmap
2023-06-06 04:22:06,350 WARNING [default] Attempting to get width of invalid bitmap
2023-06-06 04:22:06,350 WARNING [default] Attempting to use invalid animation script
2023-06-06 04:22:06,351 WARNING [default] Attempting to get height of invalid bitmap
2023-06-06 04:22:06,351 WARNING [default] Attempting to get width of invalid bitmap
2023-06-06 04:22:06,351 WARNING [default] Unable to locate animation file for player (C:\msys64\home\Nathan\customProgram\bin\Debug\net7.0\animations\player.txt)
2023-06-06 04:22:06,351 WARNING [default] Attempting to get height of invalid bitmap
2023-06-06 04:22:06,351 WARNING [default] Attempting to get width of invalid bitmap
2023-06-06 04:22:06,351 WARNING [default] Attempting to use invalid animation script
2023-06-06 04:22:06,352 WARNING [default] Attempting to get height of invalid bitmap
2023-06-06 04:22:06,352 WARNING [default] Attempting to get width of invalid bitmap
2023-06-06 04:22:06,352 WARNING [default] Unable to locate animation file for player (C:\msys64\home\Nathan\customProgram\bin\Debug\net7.0\animations\player.txt)
2023-06-06 04:22:06,352 WARNING [default] Attempting to get height of invalid bitmap
2023-06-06 04:22:06,353 WARNING [default] Attempting to get width of invalid bitmap
2023-06-06 04:22:06,353 WARNING [default] Attempting to use invalid animation script
2023-06-06 04:22:06,353 WARNING [default] Unable to locate animation file for player (C:\msys64\home\Nathan\customProgram\bin\Debug\net7.0\animations\player.txt)
2023-06-06 04:22:06,353 WARNING [default] Attempting to get height of invalid bitmap
2023-06-06 04:22:06,353 WARNING [default] Attempting to get width of invalid bitmap
2023-06-06 04:22:06,353 WARNING [default] Attempting to use invalid animation script
2023-06-06 04:22:06,354 WARNING [default] Unable to locate animation file for player (C:\msys64\home\Nathan\customProgram\bin\Debug\net7.0\animations\player.txt)
2023-06-06 04:22:06,354 WARNING [default] Attempting to get height of invalid bitmap
2023-06-06 04:22:06,354 WARNING [default] Attempting to get width of invalid bitmap
2023-06-06 04:22:06,354 WARNING [default] Attempting to use invalid animation script
2023-06-06 04:22:06,355 WARNING [default] Unable to locate animation file for player (C:\msys64\home\Nathan\customProgram\bin\Debug\net7.0\animations\player.txt)
2023-06-06 04:22:06,355 WARNING [default] Attempting to get height of invalid bitmap
2023-06-06 04:22:06,355 WARNING [default] Attempting to get width of invalid bitmap
2023-06-06 04:22:06,355 WARNING [default] Attempting to use invalid animation script
2023-06-06 04:22:44,369 WARNING [default] Unable to locate animation file for player (C:\msys64\home\Nathan\customProgram\bin\Debug\net7.0\animations\player.txt)
2023-06-06 04:22:44,370 WARNING [default] Attempting to get height of invalid bitmap
2023-06-06 04:22:44,370 WARNING [default] Attempting to get width of invalid bitmap
2023-06-06 04:22:44,371 WARNING [default] Attempting to use invalid animation script
2023-06-06 04:22:44,372 WARNING [default] Unable to locate animation file for assassinScript (C:\msys64\home\Nathan\customProgram\bin\Debug\net7.0\animations\assassin.txt)
2023-06-06 04:22:44,372 WARNING [default] Attempting to get height of invalid bitmap
2023-06-06 04:22:44,372 WARNING [default] Attempting to get width of invalid bitmap
2023-06-06 04:22:44,372 WARNING [default] Attempting to use invalid animation script
2023-06-06 04:22:44,389 WARNING [default] Unable to locate animation file for player (C:\msys64\home\Nathan\customProgram\bin\Debug\net7.0\animations\player.txt)
2023-06-06 04:22:44,389 WARNING [default] Attempting to get height of invalid bitmap
2023-06-06 04:22:44,390 WARNING [default] Attempting to get width of invalid bitmap
2023-06-06 04:22:44,390 WARNING [default] Attempting to use invalid animation script
2023-06-06 04:22:44,414 WARNING [default] Unable to locate animation file for player (C:\msys64\home\Nathan\customProgram\bin\Debug\net7.0\animations\player.txt)
2023-06-06 04:22:44,414 WARNING [default] Attempting to get height of invalid bitmap
2023-06-06 04:22:44,414 WARNING [default] Attempting to get width of invalid bitmap
2023-06-06 04:22:44,414 WARNING [default] Attempting to use invalid animation script
2023-06-06 04:22:44,414 WARNING [default] Unable to locate animation file for skeleton (C:\msys64\home\Nathan\customProgram\bin\Debug\net7.0\animations\skeleton.txt)
2023-06-06 04:22:44,414 WARNING [default] Attempting to get height of invalid bitmap
2023-06-06 04:22:44,414 WARNING [default] Attempting to get width of invalid bitmap
2023-06-06 04:22:44,414 WARNING [default] Attempting to use invalid animation script
2023-06-06 04:22:44,415 WARNING [default] Attempting to get height of invalid bitmap
2023-06-06 04:22:44,415 WARNING [default] Attempting to get width of invalid bitmap
2023-06-06 04:22:44,417 WARNING [default] Attempting to draw to a surface that does not exist.
2023-06-06 04:22:44,418 WARNING [default] Unable to locate animation file for player (C:\msys64\home\Nathan\customProgram\bin\Debug\net7.0\animations\player.txt)
2023-06-06 04:22:44,418 WARNING [default] Attempting to get height of invalid bitmap
2023-06-06 04:22:44,418 WARNING [default] Attempting to get width of invalid bitmap
2023-06-06 04:22:44,418 WARNING [default] Attempting to use invalid animation script
2023-06-06 04:22:44,419 WARNING [default] Attempting to get height of invalid bitmap
2023-06-06 04:22:44,419 WARNING [default] Attempting to get width of invalid bitmap
2023-06-06 04:22:44,420 WARNING [default] Unable to locate animation file for player (C:\msys64\home\Nathan\customProgram\bin\Debug\net7.0\animations\player.txt)
2023-06-06 04:22:44,420 WARNING [default] Attempting to get height of invalid bitmap
2023-06-06 04:22:44,420 WARNING [default] Attempting to get width of invalid bitmap
2023-06-06 04:22:44,420 WARNING [default] Attempting to use invalid animation script
2023-06-06 04:22:44,420 WARNING [default] Attempting to get height of invalid bitmap
2023-06-06 04:22:44,420 WARNING [default] Attempting to get width of invalid bitmap
2023-06-06 04:22:44,421 WARNING [default] Unable to locate animation file for player (C:\msys64\home\Nathan\customProgram\bin\Debug\net7.0\animations\player.txt)
2023-06-06 04:22:44,421 WARNING [default] Attempting to get height of invalid bitmap
2023-06-06 04:22:44,421 WARNING [default] Attempting to get width of invalid bitmap
2023-06-06 04:22:44,421 WARNING [default] Attempting to use invalid animation script
2023-06-06 04:22:44,422 WARNING [default] Unable to locate animation file for player (C:\msys64\home\Nathan\customProgram\bin\Debug\net7.0\animations\player.txt)
2023-06-06 04:22:44,422 WARNING [default] Attempting to get height of invalid bitmap
2023-06-06 04:22:44,422 WARNING [default] Attempting to get width of invalid bitmap
2023-06-06 04:22:44,422 WARNING [default] Attempting to use invalid animation script
2023-06-06 04:22:44,423 WARNING [default] Unable to locate animation file for player (C:\msys64\home\Nathan\customProgram\bin\Debug\net7.0\animations\player.txt)
2023-06-06 04:22:44,423 WARNING [default] Attempting to get height of invalid bitmap
2023-06-06 04:22:44,423 WARNING [default] Attempting to get width of invalid bitmap
2023-06-06 04:22:44,423 WARNING [default] Attempting to use invalid animation script
2023-06-06 04:22:44,424 WARNING [default] Unable to locate animation file for player (C:\msys64\home\Nathan\customProgram\bin\Debug\net7.0\animations\player.txt)
2023-06-06 04:22:44,424 WARNING [default] Attempting to get height of invalid bitmap
2023-06-06 04:22:44,424 WARNING [default] Attempting to get width of invalid bitmap
2023-06-06 04:22:44,424 WARNING [default] Attempting to use invalid animation script
2023-06-06 04:23:21,988 WARNING [default] Unable to locate animation file for player (C:\msys64\home\Nathan\customProgram\bin\Debug\net7.0\animations\player.txt)
2023-06-06 04:23:21,989 WARNING [default] Attempting to get height of invalid bitmap
2023-06-06 04:23:21,989 WARNING [default] Attempting to get width of invalid bitmap
2023-06-06 04:23:21,990 WARNING [default] Attempting to use invalid animation script
2023-06-06 04:23:21,991 WARNING [default] Unable to locate animation file for assassinScript (C:\msys64\home\Nathan\customProgram\bin\Debug\net7.0\animations\assassin.txt)
2023-06-06 04:23:21,991 WARNING [default] Attempting to get height of invalid bitmap
2023-06-06 04:23:21,991 WARNING [default] Attempting to get width of invalid bitmap
2023-06-06 04:23:21,991 WARNING [default] Attempting to use invalid animation script
2023-06-06 04:23:22,010 WARNING [default] Unable to locate animation file for player (C:\msys64\home\Nathan\customProgram\bin\Debug\net7.0\animations\player.txt)
2023-06-06 04:23:22,010 WARNING [default] Attempting to get height of invalid bitmap
2023-06-06 04:23:22,010 WARNING [default] Attempting to get width of invalid bitmap
2023-06-06 04:23:22,010 WARNING [default] Attempting to use invalid animation script
2023-06-06 04:23:22,046 WARNING [default] Unable to locate animation file for player (C:\msys64\home\Nathan\customProgram\bin\Debug\net7.0\animations\player.txt)
2023-06-06 04:23:22,046 WARNING [default] Attempting to get height of invalid bitmap
2023-06-06 04:23:22,046 WARNING [default] Attempting to get width of invalid bitmap
2023-06-06 04:23:22,046 WARNING [default] Attempting to use invalid animation script
2023-06-06 04:23:22,047 WARNING [default] Unable to locate animation file for skeleton (C:\msys64\home\Nathan\customProgram\bin\Debug\net7.0\animations\skeleton.txt)
2023-06-06 04:23:22,047 WARNING [default] Attempting to get height of invalid bitmap
2023-06-06 04:23:22,047 WARNING [default] Attempting to get width of invalid bitmap
2023-06-06 04:23:22,047 WARNING [default] Attempting to use invalid animation script
2023-06-06 04:23:22,047 WARNING [default] Attempting to get height of invalid bitmap
2023-06-06 04:23:22,047 WARNING [default] Attempting to get width of invalid bitmap
2023-06-06 04:23:22,049 WARNING [default] Attempting to draw to a surface that does not exist.
2023-06-06 04:23:22,050 WARNING [default] Unable to locate animation file for player (C:\msys64\home\Nathan\customProgram\bin\Debug\net7.0\animations\player.txt)
2023-06-06 04:23:22,050 WARNING [default] Attempting to get height of invalid bitmap
2023-06-06 04:23:22,051 WARNING [default] Attempting to get width of invalid bitmap
2023-06-06 04:23:22,051 WARNING [default] Attempting to use invalid animation script
2023-06-06 04:23:22,051 WARNING [default] Attempting to get height of invalid bitmap
2023-06-06 04:23:22,051 WARNING [default] Attempting to get width of invalid bitmap
2023-06-06 04:23:22,052 WARNING [default] Unable to locate animation file for player (C:\msys64\home\Nathan\customProgram\bin\Debug\net7.0\animations\player.txt)
2023-06-06 04:23:22,052 WARNING [default] Attempting to get height of invalid bitmap
2023-06-06 04:23:22,052 WARNING [default] Attempting to get width of invalid bitmap
2023-06-06 04:23:22,052 WARNING [default] Attempting to use invalid animation script
2023-06-06 04:23:22,052 WARNING [default] Attempting to get height of invalid bitmap
2023-06-06 04:23:22,052 WARNING [default] Attempting to get width of invalid bitmap
2023-06-06 04:23:22,053 WARNING [default] Unable to locate animation file for player (C:\msys64\home\Nathan\customProgram\bin\Debug\net7.0\animations\player.txt)
2023-06-06 04:23:22,053 WARNING [default] Attempting to get height of invalid bitmap
2023-06-06 04:23:22,053 WARNING [default] Attempting to get width of invalid bitmap
2023-06-06 04:23:22,053 WARNING [default] Attempting to use invalid animation script
2023-06-06 04:23:22,054 WARNING [default] Unable to locate animation file for player (C:\msys64\home\Nathan\customProgram\bin\Debug\net7.0\animations\player.txt)
2023-06-06 04:23:22,054 WARNING [default] Attempting to get height of invalid bitmap
2023-06-06 04:23:22,054 WARNING [default] Attempting to get width of invalid bitmap
2023-06-06 04:23:22,054 WARNING [default] Attempting to use invalid animation script
2023-06-06 04:23:22,055 WARNING [default] Unable to locate animation file for player (C:\msys64\home\Nathan\customProgram\bin\Debug\net7.0\animations\player.txt)
2023-06-06 04:23:22,055 WARNING [default] Attempting to get height of invalid bitmap
2023-06-06 04:23:22,055 WARNING [default] Attempting to get width of invalid bitmap
2023-06-06 04:23:22,055 WARNING [default] Attempting to use invalid animation script
2023-06-06 04:23:22,055 WARNING [default] Unable to locate animation file for player (C:\msys64\home\Nathan\customProgram\bin\Debug\net7.0\animations\player.txt)
2023-06-06 04:23:22,055 WARNING [default] Attempting to get height of invalid bitmap
2023-06-06 04:23:22,055 WARNING [default] Attempting to get width of invalid bitmap
2023-06-06 04:23:22,055 WARNING [default] Attempting to use invalid animation script
2023-06-06 04:23:34,295 WARNING [default] Unable to locate animation file for player (C:\msys64\home\Nathan\customProgram\bin\Debug\net7.0\animations\player.txt)
2023-06-06 04:23:34,296 WARNING [default] Attempting to get height of invalid bitmap
2023-06-06 04:23:34,296 WARNING [default] Attempting to get width of invalid bitmap
2023-06-06 04:23:34,297 WARNING [default] Attempting to use invalid animation script
2023-06-06 04:23:34,298 WARNING [default] Unable to locate animation file for assassinScript (C:\msys64\home\Nathan\customProgram\bin\Debug\net7.0\animations\assassin.txt)
2023-06-06 04:23:34,298 WARNING [default] Attempting to get height of invalid bitmap
2023-06-06 04:23:34,298 WARNING [default] Attempting to get width of invalid bitmap
2023-06-06 04:23:34,298 WARNING [default] Attempting to use invalid animation script
2023-06-06 04:23:34,316 WARNING [default] Unable to locate animation file for player (C:\msys64\home\Nathan\customProgram\bin\Debug\net7.0\animations\player.txt)
2023-06-06 04:23:34,316 WARNING [default] Attempting to get height of invalid bitmap
2023-06-06 04:23:34,316 WARNING [default] Attempting to get width of invalid bitmap
2023-06-06 04:23:34,316 WARNING [default] Attempting to use invalid animation script
2023-06-06 04:23:34,317 WARNING [default] Unable to locate animation file for player (C:\msys64\home\Nathan\customProgram\bin\Debug\net7.0\animations\player.txt)
2023-06-06 04:23:34,318 WARNING [default] Attempting to get height of invalid bitmap
2023-06-06 04:23:34,318 WARNING [default] Attempting to get width of invalid bitmap
2023-06-06 04:23:34,318 WARNING [default] Attempting to use invalid animation script
2023-06-06 04:23:34,318 WARNING [default] Unable to locate animation file for skeleton (C:\msys64\home\Nathan\customProgram\bin\Debug\net7.0\animations\skeleton.txt)
2023-06-06 04:23:34,318 WARNING [default] Attempting to get height of invalid bitmap
2023-06-06 04:23:34,318 WARNING [default] Attempting to get width of invalid bitmap
2023-06-06 04:23:34,318 WARNING [default] Attempting to use invalid animation script
2023-06-06 04:23:34,319 WARNING [default] Attempting to get height of invalid bitmap
2023-06-06 04:23:34,319 WARNING [default] Attempting to get width of invalid bitmap
2023-06-06 04:23:34,320 WARNING [default] Attempting to draw to a surface that does not exist.
2023-06-06 04:23:34,322 WARNING [default] Unable to locate animation file for player (C:\msys64\home\Nathan\customProgram\bin\Debug\net7.0\animations\player.txt)
2023-06-06 04:23:34,322 WARNING [default] Attempting to get height of invalid bitmap
2023-06-06 04:23:34,322 WARNING [default] Attempting to get width of invalid bitmap
2023-06-06 04:23:34,322 WARNING [default] Attempting to use invalid animation script
2023-06-06 04:23:34,322 WARNING [default] Attempting to get height of invalid bitmap
2023-06-06 04:23:34,322 WARNING [default] Attempting to get width of invalid bitmap
2023-06-06 04:23:34,323 WARNING [default] Unable to locate animation file for player (C:\msys64\home\Nathan\customProgram\bin\Debug\net7.0\animations\player.txt)
2023-06-06 04:23:34,323 WARNING [default] Attempting to get height of invalid bitmap
2023-06-06 04:23:34,323 WARNING [default] Attempting to get width of invalid bitmap
2023-06-06 04:23:34,323 WARNING [default] Attempting to use invalid animation script
2023-06-06 04:23:34,323 WARNING [default] Attempting to get height of invalid bitmap
2023-06-06 04:23:34,323 WARNING [default] Attempting to get width of invalid bitmap
2023-06-06 04:23:34,324 WARNING [default] Unable to locate animation file for player (C:\msys64\home\Nathan\customProgram\bin\Debug\net7.0\animations\player.txt)
2023-06-06 04:23:34,324 WARNING [default] Attempting to get height of invalid bitmap
2023-06-06 04:23:34,324 WARNING [default] Attempting to get width of invalid bitmap
2023-06-06 04:23:34,324 WARNING [default] Attempting to use invalid animation script
2023-06-06 04:23:34,325 WARNING [default] Unable to locate animation file for player (C:\msys64\home\Nathan\customProgram\bin\Debug\net7.0\animations\player.txt)
2023-06-06 04:23:34,325 WARNING [default] Attempting to get height of invalid bitmap
2023-06-06 04:23:34,325 WARNING [default] Attempting to get width of invalid bitmap
2023-06-06 04:23:34,325 WARNING [default] Attempting to use invalid animation script
2023-06-06 04:23:34,326 WARNING [default] Unable to locate animation file for player (C:\msys64\home\Nathan\customProgram\bin\Debug\net7.0\animations\player.txt)
2023-06-06 04:23:34,326 WARNING [default] Attempting to get height of invalid bitmap
2023-06-06 04:23:34,326 WARNING [default] Attempting to get width of invalid bitmap
2023-06-06 04:23:34,326 WARNING [default] Attempting to use invalid animation script
2023-06-06 04:23:34,327 WARNING [default] Unable to locate animation file for player (C:\msys64\home\Nathan\customProgram\bin\Debug\net7.0\animations\player.txt)
2023-06-06 04:23:34,327 WARNING [default] Attempting to get height of invalid bitmap
2023-06-06 04:23:34,327 WARNING [default] Attempting to get width of invalid bitmap
2023-06-06 04:23:34,327 WARNING [default] Attempting to use invalid animation script
2023-06-06 13:41:36,839 WARNING [default] Unable to locate animation file for player (C:\msys64\home\Nathan\customProgram\bin\Debug\net7.0\animations\player.txt)
2023-06-06 13:41:36,842 WARNING [default] Attempting to get height of invalid bitmap
2023-06-06 13:41:36,842 WARNING [default] Attempting to get width of invalid bitmap
2023-06-06 13:41:36,843 WARNING [default] Attempting to use invalid animation script
2023-06-06 13:41:36,844 WARNING [default] Unable to locate animation file for assassinScript (C:\msys64\home\Nathan\customProgram\bin\Debug\net7.0\animations\assassin.txt)
2023-06-06 13:41:36,844 WARNING [default] Attempting to get height of invalid bitmap
2023-06-06 13:41:36,844 WARNING [default] Attempting to get width of invalid bitmap
2023-06-06 13:41:36,844 WARNING [default] Attempting to use invalid animation script
2023-06-06 13:41:36,864 WARNING [default] Unable to locate animation file for player (C:\msys64\home\Nathan\customProgram\bin\Debug\net7.0\animations\player.txt)
2023-06-06 13:41:36,864 WARNING [default] Attempting to get height of invalid bitmap
2023-06-06 13:41:36,864 WARNING [default] Attempting to get width of invalid bitmap
2023-06-06 13:41:36,864 WARNING [default] Attempting to use invalid animation script
2023-06-06 13:41:36,866 WARNING [default] Unable to locate animation file for player (C:\msys64\home\Nathan\customProgram\bin\Debug\net7.0\animations\player.txt)
2023-06-06 13:41:36,866 WARNING [default] Attempting to get height of invalid bitmap
2023-06-06 13:41:36,866 WARNING [default] Attempting to get width of invalid bitmap
2023-06-06 13:41:36,866 WARNING [default] Attempting to use invalid animation script
2023-06-06 13:41:36,866 WARNING [default] Unable to locate animation file for skeleton (C:\msys64\home\Nathan\customProgram\bin\Debug\net7.0\animations\skeleton.txt)
2023-06-06 13:41:36,866 WARNING [default] Attempting to get height of invalid bitmap
2023-06-06 13:41:36,866 WARNING [default] Attempting to get width of invalid bitmap
2023-06-06 13:41:36,866 WARNING [default] Attempting to use invalid animation script
2023-06-06 13:41:36,867 WARNING [default] Attempting to get height of invalid bitmap
2023-06-06 13:41:36,867 WARNING [default] Attempting to get width of invalid bitmap
2023-06-06 13:41:36,869 WARNING [default] Attempting to draw to a surface that does not exist.
2023-06-06 13:41:36,870 WARNING [default] Unable to locate animation file for player (C:\msys64\home\Nathan\customProgram\bin\Debug\net7.0\animations\player.txt)
2023-06-06 13:41:36,870 WARNING [default] Attempting to get height of invalid bitmap
2023-06-06 13:41:36,870 WARNING [default] Attempting to get width of invalid bitmap
2023-06-06 13:41:36,870 WARNING [default] Attempting to use invalid animation script
2023-06-06 13:41:36,870 WARNING [default] Attempting to get height of invalid bitmap
2023-06-06 13:41:36,870 WARNING [default] Attempting to get width of invalid bitmap
2023-06-06 13:41:36,871 WARNING [default] Unable to locate animation file for player (C:\msys64\home\Nathan\customProgram\bin\Debug\net7.0\animations\player.txt)
2023-06-06 13:41:36,871 WARNING [default] Attempting to get height of invalid bitmap
2023-06-06 13:41:36,871 WARNING [default] Attempting to get width of invalid bitmap
2023-06-06 13:41:36,871 WARNING [default] Attempting to use invalid animation script
2023-06-06 13:41:36,871 WARNING [default] Attempting to get height of invalid bitmap
2023-06-06 13:41:36,871 WARNING [default] Attempting to get width of invalid bitmap
2023-06-06 13:41:36,872 WARNING [default] Unable to locate animation file for player (C:\msys64\home\Nathan\customProgram\bin\Debug\net7.0\animations\player.txt)
2023-06-06 13:41:36,872 WARNING [default] Attempting to get height of invalid bitmap
2023-06-06 13:41:36,872 WARNING [default] Attempting to get width of invalid bitmap
2023-06-06 13:41:36,872 WARNING [default] Attempting to use invalid animation script
2023-06-06 13:41:36,873 WARNING [default] Unable to locate animation file for player (C:\msys64\home\Nathan\customProgram\bin\Debug\net7.0\animations\player.txt)
2023-06-06 13:41:36,873 WARNING [default] Attempting to get height of invalid bitmap
2023-06-06 13:41:36,873 WARNING [default] Attempting to get width of invalid bitmap
2023-06-06 13:41:36,873 WARNING [default] Attempting to use invalid animation script
2023-06-06 13:41:36,874 WARNING [default] Unable to locate animation file for player (C:\msys64\home\Nathan\customProgram\bin\Debug\net7.0\animations\player.txt)
2023-06-06 13:41:36,874 WARNING [default] Attempting to get height of invalid bitmap
2023-06-06 13:41:36,874 WARNING [default] Attempting to get width of invalid bitmap
2023-06-06 13:41:36,874 WARNING [default] Attempting to use invalid animation script
2023-06-06 13:41:36,875 WARNING [default] Unable to locate animation file for player (C:\msys64\home\Nathan\customProgram\bin\Debug\net7.0\animations\player.txt)
2023-06-06 13:41:36,875 WARNING [default] Attempting to get height of invalid bitmap
2023-06-06 13:41:36,875 WARNING [default] Attempting to get width of invalid bitmap
2023-06-06 13:41:36,875 WARNING [default] Attempting to use invalid animation script
2023-06-06 17:40:59,375 WARNING [default] Unable to locate animation file for player (C:\msys64\home\Nathan\customProgram\bin\Debug\net7.0\animations\player.txt)
2023-06-06 17:40:59,377 WARNING [default] Attempting to get height of invalid bitmap
2023-06-06 17:40:59,377 WARNING [default] Attempting to get width of invalid bitmap
2023-06-06 17:40:59,377 WARNING [default] Attempting to use invalid animation script
2023-06-06 17:40:59,378 WARNING [default] Unable to locate animation file for assassinScript (C:\msys64\home\Nathan\customProgram\bin\Debug\net7.0\animations\assassin.txt)
2023-06-06 17:40:59,378 WARNING [default] Attempting to get height of invalid bitmap
2023-06-06 17:40:59,378 WARNING [default] Attempting to get width of invalid bitmap
2023-06-06 17:40:59,378 WARNING [default] Attempting to use invalid animation script
2023-06-06 17:40:59,398 WARNING [default] Unable to locate animation file for player (C:\msys64\home\Nathan\customProgram\bin\Debug\net7.0\animations\player.txt)
2023-06-06 17:40:59,398 WARNING [default] Attempting to get height of invalid bitmap
2023-06-06 17:40:59,398 WARNING [default] Attempting to get width of invalid bitmap
2023-06-06 17:40:59,398 WARNING [default] Attempting to use invalid animation script
2023-06-06 17:40:59,400 WARNING [default] Unable to locate animation file for player (C:\msys64\home\Nathan\customProgram\bin\Debug\net7.0\animations\player.txt)
2023-06-06 17:40:59,400 WARNING [default] Attempting to get height of invalid bitmap
2023-06-06 17:40:59,400 WARNING [default] Attempting to get width of invalid bitmap
2023-06-06 17:40:59,400 WARNING [default] Attempting to use invalid animation script
2023-06-06 17:40:59,401 WARNING [default] Unable to locate animation file for skeleton (C:\msys64\home\Nathan\customProgram\bin\Debug\net7.0\animations\skeleton.txt)
2023-06-06 17:40:59,401 WARNING [default] Attempting to get height of invalid bitmap
2023-06-06 17:40:59,401 WARNING [default] Attempting to get width of invalid bitmap
2023-06-06 17:40:59,401 WARNING [default] Attempting to use invalid animation script
2023-06-06 17:40:59,401 WARNING [default] Attempting to get height of invalid bitmap
2023-06-06 17:40:59,401 WARNING [default] Attempting to get width of invalid bitmap
2023-06-06 17:40:59,404 WARNING [default] Attempting to draw to a surface that does not exist.
2023-06-06 17:40:59,405 WARNING [default] Unable to locate animation file for player (C:\msys64\home\Nathan\customProgram\bin\Debug\net7.0\animations\player.txt)
2023-06-06 17:40:59,405 WARNING [default] Attempting to get height of invalid bitmap
2023-06-06 17:40:59,405 WARNING [default] Attempting to get width of invalid bitmap
2023-06-06 17:40:59,405 WARNING [default] Attempting to use invalid animation script
2023-06-06 17:40:59,406 WARNING [default] Attempting to get height of invalid bitmap
2023-06-06 17:40:59,406 WARNING [default] Attempting to get width of invalid bitmap
2023-06-06 17:40:59,407 WARNING [default] Unable to locate animation file for player (C:\msys64\home\Nathan\customProgram\bin\Debug\net7.0\animations\player.txt)
2023-06-06 17:40:59,407 WARNING [default] Attempting to get height of invalid bitmap
2023-06-06 17:40:59,407 WARNING [default] Attempting to get width of invalid bitmap
2023-06-06 17:40:59,407 WARNING [default] Attempting to use invalid animation script
2023-06-06 17:40:59,407 WARNING [default] Attempting to get height of invalid bitmap
2023-06-06 17:40:59,407 WARNING [default] Attempting to get width of invalid bitmap
2023-06-06 17:40:59,408 WARNING [default] Unable to locate animation file for player (C:\msys64\home\Nathan\customProgram\bin\Debug\net7.0\animations\player.txt)
2023-06-06 17:40:59,408 WARNING [default] Attempting to get height of invalid bitmap
2023-06-06 17:40:59,408 WARNING [default] Attempting to get width of invalid bitmap
2023-06-06 17:40:59,408 WARNING [default] Attempting to use invalid animation script
2023-06-06 17:40:59,409 WARNING [default] Unable to locate animation file for player (C:\msys64\home\Nathan\customProgram\bin\Debug\net7.0\animations\player.txt)
2023-06-06 17:40:59,409 WARNING [default] Attempting to get height of invalid bitmap
2023-06-06 17:40:59,409 WARNING [default] Attempting to get width of invalid bitmap
2023-06-06 17:40:59,409 WARNING [default] Attempting to use invalid animation script
2023-06-06 17:40:59,410 WARNING [default] Unable to locate animation file for player (C:\msys64\home\Nathan\customProgram\bin\Debug\net7.0\animations\player.txt)
2023-06-06 17:40:59,411 WARNING [default] Attempting to get height of invalid bitmap
2023-06-06 17:40:59,411 WARNING [default] Attempting to get width of invalid bitmap
2023-06-06 17:40:59,411 WARNING [default] Attempting to use invalid animation script
2023-06-06 17:40:59,412 WARNING [default] Unable to locate animation file for player (C:\msys64\home\Nathan\customProgram\bin\Debug\net7.0\animations\player.txt)
2023-06-06 17:40:59,412 WARNING [default] Attempting to get height of invalid bitmap
2023-06-06 17:40:59,412 WARNING [default] Attempting to get width of invalid bitmap
2023-06-06 17:40:59,412 WARNING [default] Attempting to use invalid animation script
2023-06-06 22:49:41,687 WARNING [default] Unable to locate animation file for player (C:\msys64\home\Nathan\customProgram\bin\Debug\net7.0\animations\player.txt)
2023-06-06 22:49:41,689 WARNING [default] Attempting to get height of invalid bitmap
2023-06-06 22:49:41,689 WARNING [default] Attempting to get width of invalid bitmap
2023-06-06 22:49:41,690 WARNING [default] Attempting to use invalid animation script
2023-06-06 22:49:41,691 WARNING [default] Unable to locate animation file for assassinScript (C:\msys64\home\Nathan\customProgram\bin\Debug\net7.0\animations\assassin.txt)
2023-06-06 22:49:41,691 WARNING [default] Attempting to get height of invalid bitmap
2023-06-06 22:49:41,691 WARNING [default] Attempting to get width of invalid bitmap
2023-06-06 22:49:41,691 WARNING [default] Attempting to use invalid animation script
2023-06-06 22:49:41,710 WARNING [default] Unable to locate animation file for player (C:\msys64\home\Nathan\customProgram\bin\Debug\net7.0\animations\player.txt)
2023-06-06 22:49:41,710 WARNING [default] Attempting to get height of invalid bitmap
2023-06-06 22:49:41,710 WARNING [default] Attempting to get width of invalid bitmap
2023-06-06 22:49:41,710 WARNING [default] Attempting to use invalid animation script
2023-06-06 22:49:41,712 WARNING [default] Unable to locate animation file for player (C:\msys64\home\Nathan\customProgram\bin\Debug\net7.0\animations\player.txt)
2023-06-06 22:49:41,712 WARNING [default] Attempting to get height of invalid bitmap
2023-06-06 22:49:41,713 WARNING [default] Attempting to get width of invalid bitmap
2023-06-06 22:49:41,713 WARNING [default] Attempting to use invalid animation script
2023-06-06 22:49:41,713 WARNING [default] Unable to locate animation file for skeleton (C:\msys64\home\Nathan\customProgram\bin\Debug\net7.0\animations\skeleton.txt)
2023-06-06 22:49:41,713 WARNING [default] Attempting to get height of invalid bitmap
2023-06-06 22:49:41,713 WARNING [default] Attempting to get width of invalid bitmap
2023-06-06 22:49:41,713 WARNING [default] Attempting to use invalid animation script
2023-06-06 22:49:41,713 WARNING [default] Attempting to get height of invalid bitmap
2023-06-06 22:49:41,714 WARNING [default] Attempting to get width of invalid bitmap
2023-06-06 22:49:41,716 WARNING [default] Attempting to draw to a surface that does not exist.
2023-06-06 22:49:41,717 WARNING [default] Unable to locate animation file for player (C:\msys64\home\Nathan\customProgram\bin\Debug\net7.0\animations\player.txt)
2023-06-06 22:49:41,717 WARNING [default] Attempting to get height of invalid bitmap
2023-06-06 22:49:41,717 WARNING [default] Attempting to get width of invalid bitmap
2023-06-06 22:49:41,717 WARNING [default] Attempting to use invalid animation script
2023-06-06 22:49:41,718 WARNING [default] Attempting to get height of invalid bitmap
2023-06-06 22:49:41,718 WARNING [default] Attempting to get width of invalid bitmap
2023-06-06 22:49:41,719 WARNING [default] Unable to locate animation file for player (C:\msys64\home\Nathan\customProgram\bin\Debug\net7.0\animations\player.txt)
2023-06-06 22:49:41,719 WARNING [default] Attempting to get height of invalid bitmap
2023-06-06 22:49:41,719 WARNING [default] Attempting to get width of invalid bitmap
2023-06-06 22:49:41,719 WARNING [default] Attempting to use invalid animation script
2023-06-06 22:49:41,719 WARNING [default] Attempting to get height of invalid bitmap
2023-06-06 22:49:41,719 WARNING [default] Attempting to get width of invalid bitmap
2023-06-06 22:49:41,720 WARNING [default] Unable to locate animation file for player (C:\msys64\home\Nathan\customProgram\bin\Debug\net7.0\animations\player.txt)
2023-06-06 22:49:41,720 WARNING [default] Attempting to get height of invalid bitmap
2023-06-06 22:49:41,720 WARNING [default] Attempting to get width of invalid bitmap
2023-06-06 22:49:41,720 WARNING [default] Attempting to use invalid animation script
2023-06-06 22:49:41,721 WARNING [default] Unable to locate animation file for player (C:\msys64\home\Nathan\customProgram\bin\Debug\net7.0\animations\player.txt)
2023-06-06 22:49:41,721 WARNING [default] Attempting to get height of invalid bitmap
2023-06-06 22:49:41,721 WARNING [default] Attempting to get width of invalid bitmap
2023-06-06 22:49:41,721 WARNING [default] Attempting to use invalid animation script
2023-06-06 22:49:41,722 WARNING [default] Unable to locate animation file for player (C:\msys64\home\Nathan\customProgram\bin\Debug\net7.0\animations\player.txt)
2023-06-06 22:49:41,722 WARNING [default] Attempting to get height of invalid bitmap
2023-06-06 22:49:41,722 WARNING [default] Attempting to get width of invalid bitmap
2023-06-06 22:49:41,722 WARNING [default] Attempting to use invalid animation script
2023-06-06 22:49:41,723 WARNING [default] Unable to locate animation file for player (C:\msys64\home\Nathan\customProgram\bin\Debug\net7.0\animations\player.txt)
2023-06-06 22:49:41,723 WARNING [default] Attempting to get height of invalid bitmap
2023-06-06 22:49:41,723 WARNING [default] Attempting to get width of invalid bitmap
2023-06-06 22:49:41,723 WARNING [default] Attempting to use invalid animation script
2023-06-07 01:11:43,293 WARNING [default] Unable to locate animation file for player (C:\msys64\home\Nathan\customProgram\bin\Debug\net7.0\animations\player.txt)
2023-06-07 01:11:43,294 WARNING [default] Attempting to get height of invalid bitmap
2023-06-07 01:11:43,294 WARNING [default] Attempting to get width of invalid bitmap
2023-06-07 01:11:43,295 WARNING [default] Attempting to use invalid animation script
2023-06-07 01:11:43,296 WARNING [default] Unable to locate animation file for assassinScript (C:\msys64\home\Nathan\customProgram\bin\Debug\net7.0\animations\assassin.txt)
2023-06-07 01:11:43,296 WARNING [default] Attempting to get height of invalid bitmap
2023-06-07 01:11:43,296 WARNING [default] Attempting to get width of invalid bitmap
2023-06-07 01:11:43,296 WARNING [default] Attempting to use invalid animation script
2023-06-07 01:11:43,314 WARNING [default] Unable to locate animation file for player (C:\msys64\home\Nathan\customProgram\bin\Debug\net7.0\animations\player.txt)
2023-06-07 01:11:43,314 WARNING [default] Attempting to get height of invalid bitmap
2023-06-07 01:11:43,314 WARNING [default] Attempting to get width of invalid bitmap
2023-06-07 01:11:43,314 WARNING [default] Attempting to use invalid animation script
2023-06-07 01:11:43,317 WARNING [default] Unable to locate animation file for player (C:\msys64\home\Nathan\customProgram\bin\Debug\net7.0\animations\player.txt)
2023-06-07 01:11:43,317 WARNING [default] Attempting to get height of invalid bitmap
2023-06-07 01:11:43,317 WARNING [default] Attempting to get width of invalid bitmap
2023-06-07 01:11:43,317 WARNING [default] Attempting to use invalid animation script
2023-06-07 01:11:43,317 WARNING [default] Unable to locate animation file for skeleton (C:\msys64\home\Nathan\customProgram\bin\Debug\net7.0\animations\skeleton.txt)
2023-06-07 01:11:43,317 WARNING [default] Attempting to get height of invalid bitmap
2023-06-07 01:11:43,317 WARNING [default] Attempting to get width of invalid bitmap
2023-06-07 01:11:43,317 WARNING [default] Attempting to use invalid animation script
2023-06-07 01:11:43,318 WARNING [default] Attempting to get height of invalid bitmap
2023-06-07 01:11:43,318 WARNING [default] Attempting to get width of invalid bitmap
2023-06-07 01:11:43,320 WARNING [default] Attempting to draw to a surface that does not exist.
2023-06-07 01:11:43,322 WARNING [default] Unable to locate animation file for player (C:\msys64\home\Nathan\customProgram\bin\Debug\net7.0\animations\player.txt)
2023-06-07 01:11:43,322 WARNING [default] Attempting to get height of invalid bitmap
2023-06-07 01:11:43,322 WARNING [default] Attempting to get width of invalid bitmap
2023-06-07 01:11:43,322 WARNING [default] Attempting to use invalid animation script
2023-06-07 01:11:43,322 WARNING [default] Attempting to get height of invalid bitmap
2023-06-07 01:11:43,322 WARNING [default] Attempting to get width of invalid bitmap
2023-06-07 01:11:43,323 WARNING [default] Unable to locate animation file for player (C:\msys64\home\Nathan\customProgram\bin\Debug\net7.0\animations\player.txt)
2023-06-07 01:11:43,323 WARNING [default] Attempting to get height of invalid bitmap
2023-06-07 01:11:43,323 WARNING [default] Attempting to get width of invalid bitmap
2023-06-07 01:11:43,323 WARNING [default] Attempting to use invalid animation script
2023-06-07 01:11:43,323 WARNING [default] Attempting to get height of invalid bitmap
2023-06-07 01:11:43,323 WARNING [default] Attempting to get width of invalid bitmap
2023-06-07 01:11:43,324 WARNING [default] Unable to locate animation file for player (C:\msys64\home\Nathan\customProgram\bin\Debug\net7.0\animations\player.txt)
2023-06-07 01:11:43,324 WARNING [default] Attempting to get height of invalid bitmap
2023-06-07 01:11:43,324 WARNING [default] Attempting to get width of invalid bitmap
2023-06-07 01:11:43,324 WARNING [default] Attempting to use invalid animation script
2023-06-07 01:11:43,325 WARNING [default] Unable to locate animation file for player (C:\msys64\home\Nathan\customProgram\bin\Debug\net7.0\animations\player.txt)
2023-06-07 01:11:43,326 WARNING [default] Attempting to get height of invalid bitmap
2023-06-07 01:11:43,326 WARNING [default] Attempting to get width of invalid bitmap
2023-06-07 01:11:43,326 WARNING [default] Attempting to use invalid animation script
2023-06-07 01:11:43,327 WARNING [default] Unable to locate animation file for player (C:\msys64\home\Nathan\customProgram\bin\Debug\net7.0\animations\player.txt)
2023-06-07 01:11:43,327 WARNING [default] Attempting to get height of invalid bitmap
2023-06-07 01:11:43,327 WARNING [default] Attempting to get width of invalid bitmap
2023-06-07 01:11:43,327 WARNING [default] Attempting to use invalid animation script
2023-06-07 01:11:43,328 WARNING [default] Unable to locate animation file for player (C:\msys64\home\Nathan\customProgram\bin\Debug\net7.0\animations\player.txt)
2023-06-07 01:11:43,328 WARNING [default] Attempting to get height of invalid bitmap
2023-06-07 01:11:43,328 WARNING [default] Attempting to get width of invalid bitmap
2023-06-07 01:11:43,328 WARNING [default] Attempting to use invalid animation script
2023-06-07 01:13:39,513 WARNING [default] Unable to locate animation file for player (C:\msys64\home\Nathan\customProgram\bin\Debug\net7.0\animations\player.txt)
2023-06-07 01:13:39,514 WARNING [default] Attempting to get height of invalid bitmap
2023-06-07 01:13:39,514 WARNING [default] Attempting to get width of invalid bitmap
2023-06-07 01:13:39,514 WARNING [default] Attempting to use invalid animation script
2023-06-07 01:13:39,515 WARNING [default] Unable to locate animation file for assassinScript (C:\msys64\home\Nathan\customProgram\bin\Debug\net7.0\animations\assassin.txt)
2023-06-07 01:13:39,515 WARNING [default] Attempting to get height of invalid bitmap
2023-06-07 01:13:39,515 WARNING [default] Attempting to get width of invalid bitmap
2023-06-07 01:13:39,516 WARNING [default] Attempting to use invalid animation script
2023-06-07 01:13:39,533 WARNING [default] Unable to locate animation file for player (C:\msys64\home\Nathan\customProgram\bin\Debug\net7.0\animations\player.txt)
2023-06-07 01:13:39,534 WARNING [default] Attempting to get height of invalid bitmap
2023-06-07 01:13:39,534 WARNING [default] Attempting to get width of invalid bitmap
2023-06-07 01:13:39,534 WARNING [default] Attempting to use invalid animation script
2023-06-07 01:13:39,536 WARNING [default] Unable to locate animation file for player (C:\msys64\home\Nathan\customProgram\bin\Debug\net7.0\animations\player.txt)
2023-06-07 01:13:39,536 WARNING [default] Attempting to get height of invalid bitmap
2023-06-07 01:13:39,536 WARNING [default] Attempting to get width of invalid bitmap
2023-06-07 01:13:39,536 WARNING [default] Attempting to use invalid animation script
2023-06-07 01:13:39,536 WARNING [default] Unable to locate animation file for skeleton (C:\msys64\home\Nathan\customProgram\bin\Debug\net7.0\animations\skeleton.txt)
2023-06-07 01:13:39,536 WARNING [default] Attempting to get height of invalid bitmap
2023-06-07 01:13:39,536 WARNING [default] Attempting to get width of invalid bitmap
2023-06-07 01:13:39,536 WARNING [default] Attempting to use invalid animation script
2023-06-07 01:13:39,537 WARNING [default] Attempting to get height of invalid bitmap
2023-06-07 01:13:39,537 WARNING [default] Attempting to get width of invalid bitmap
2023-06-07 01:13:39,538 WARNING [default] Attempting to draw to a surface that does not exist.
2023-06-07 01:13:39,540 WARNING [default] Unable to locate animation file for player (C:\msys64\home\Nathan\customProgram\bin\Debug\net7.0\animations\player.txt)
2023-06-07 01:13:39,540 WARNING [default] Attempting to get height of invalid bitmap
2023-06-07 01:13:39,540 WARNING [default] Attempting to get width of invalid bitmap
2023-06-07 01:13:39,540 WARNING [default] Attempting to use invalid animation script
2023-06-07 01:13:39,541 WARNING [default] Attempting to get height of invalid bitmap
2023-06-07 01:13:39,541 WARNING [default] Attempting to get width of invalid bitmap
2023-06-07 01:13:39,542 WARNING [default] Unable to locate animation file for player (C:\msys64\home\Nathan\customProgram\bin\Debug\net7.0\animations\player.txt)
2023-06-07 01:13:39,542 WARNING [default] Attempting to get height of invalid bitmap
2023-06-07 01:13:39,542 WARNING [default] Attempting to get width of invalid bitmap
2023-06-07 01:13:39,542 WARNING [default] Attempting to use invalid animation script
2023-06-07 01:13:39,542 WARNING [default] Attempting to get height of invalid bitmap
2023-06-07 01:13:39,542 WARNING [default] Attempting to get width of invalid bitmap
2023-06-07 01:13:39,543 WARNING [default] Unable to locate animation file for player (C:\msys64\home\Nathan\customProgram\bin\Debug\net7.0\animations\player.txt)
2023-06-07 01:13:39,543 WARNING [default] Attempting to get height of invalid bitmap
2023-06-07 01:13:39,543 WARNING [default] Attempting to get width of invalid bitmap
2023-06-07 01:13:39,543 WARNING [default] Attempting to use invalid animation script
2023-06-07 01:13:39,593 WARNING [default] Unable to locate animation file for player (C:\msys64\home\Nathan\customProgram\bin\Debug\net7.0\animations\player.txt)
2023-06-07 01:13:39,593 WARNING [default] Attempting to get height of invalid bitmap
2023-06-07 01:13:39,593 WARNING [default] Attempting to get width of invalid bitmap
2023-06-07 01:13:39,593 WARNING [default] Attempting to use invalid animation script
2023-06-07 01:13:39,595 WARNING [default] Unable to locate animation file for player (C:\msys64\home\Nathan\customProgram\bin\Debug\net7.0\animations\player.txt)
2023-06-07 01:13:39,595 WARNING [default] Attempting to get height of invalid bitmap
2023-06-07 01:13:39,595 WARNING [default] Attempting to get width of invalid bitmap
2023-06-07 01:13:39,595 WARNING [default] Attempting to use invalid animation script
2023-06-07 01:13:39,596 WARNING [default] Unable to locate animation file for player (C:\msys64\home\Nathan\customProgram\bin\Debug\net7.0\animations\player.txt)
2023-06-07 01:13:39,596 WARNING [default] Attempting to get height of invalid bitmap
2023-06-07 01:13:39,596 WARNING [default] Attempting to get width of invalid bitmap
2023-06-07 01:13:39,596 WARNING [default] Attempting to use invalid animation script
2023-06-07 01:14:16,653 WARNING [default] Unable to locate animation file for player (C:\msys64\home\Nathan\customProgram\bin\Debug\net7.0\animations\player.txt)
2023-06-07 01:14:16,655 WARNING [default] Attempting to get height of invalid bitmap
2023-06-07 01:14:16,655 WARNING [default] Attempting to get width of invalid bitmap
2023-06-07 01:14:16,655 WARNING [default] Attempting to use invalid animation script
2023-06-07 01:14:16,656 WARNING [default] Unable to locate animation file for assassinScript (C:\msys64\home\Nathan\customProgram\bin\Debug\net7.0\animations\assassin.txt)
2023-06-07 01:14:16,656 WARNING [default] Attempting to get height of invalid bitmap
2023-06-07 01:14:16,656 WARNING [default] Attempting to get width of invalid bitmap
2023-06-07 01:14:16,657 WARNING [default] Attempting to use invalid animation script
2023-06-07 01:14:16,674 WARNING [default] Unable to locate animation file for player (C:\msys64\home\Nathan\customProgram\bin\Debug\net7.0\animations\player.txt)
2023-06-07 01:14:16,674 WARNING [default] Attempting to get height of invalid bitmap
2023-06-07 01:14:16,674 WARNING [default] Attempting to get width of invalid bitmap
2023-06-07 01:14:16,674 WARNING [default] Attempting to use invalid animation script
2023-06-07 01:14:16,676 WARNING [default] Unable to locate animation file for player (C:\msys64\home\Nathan\customProgram\bin\Debug\net7.0\animations\player.txt)
2023-06-07 01:14:16,676 WARNING [default] Attempting to get height of invalid bitmap
2023-06-07 01:14:16,676 WARNING [default] Attempting to get width of invalid bitmap
2023-06-07 01:14:16,676 WARNING [default] Attempting to use invalid animation script
2023-06-07 01:14:16,677 WARNING [default] Unable to locate animation file for skeleton (C:\msys64\home\Nathan\customProgram\bin\Debug\net7.0\animations\skeleton.txt)
2023-06-07 01:14:16,677 WARNING [default] Attempting to get height of invalid bitmap
2023-06-07 01:14:16,677 WARNING [default] Attempting to get width of invalid bitmap
2023-06-07 01:14:16,677 WARNING [default] Attempting to use invalid animation script
2023-06-07 01:14:16,678 WARNING [default] Attempting to get height of invalid bitmap
2023-06-07 01:14:16,678 WARNING [default] Attempting to get width of invalid bitmap
2023-06-07 01:14:16,680 WARNING [default] Attempting to draw to a surface that does not exist.
2023-06-07 01:14:16,681 WARNING [default] Unable to locate animation file for player (C:\msys64\home\Nathan\customProgram\bin\Debug\net7.0\animations\player.txt)
2023-06-07 01:14:16,681 WARNING [default] Attempting to get height of invalid bitmap
2023-06-07 01:14:16,681 WARNING [default] Attempting to get width of invalid bitmap
2023-06-07 01:14:16,681 WARNING [default] Attempting to use invalid animation script
2023-06-07 01:14:16,682 WARNING [default] Attempting to get height of invalid bitmap
2023-06-07 01:14:16,682 WARNING [default] Attempting to get width of invalid bitmap
2023-06-07 01:14:16,683 WARNING [default] Unable to locate animation file for player (C:\msys64\home\Nathan\customProgram\bin\Debug\net7.0\animations\player.txt)
2023-06-07 01:14:16,683 WARNING [default] Attempting to get height of invalid bitmap
2023-06-07 01:14:16,683 WARNING [default] Attempting to get width of invalid bitmap
2023-06-07 01:14:16,683 WARNING [default] Attempting to use invalid animation script
2023-06-07 01:14:16,683 WARNING [default] Attempting to get height of invalid bitmap
2023-06-07 01:14:16,683 WARNING [default] Attempting to get width of invalid bitmap
2023-06-07 01:14:16,684 WARNING [default] Unable to locate animation file for player (C:\msys64\home\Nathan\customProgram\bin\Debug\net7.0\animations\player.txt)
2023-06-07 01:14:16,684 WARNING [default] Attempting to get height of invalid bitmap
2023-06-07 01:14:16,684 WARNING [default] Attempting to get width of invalid bitmap
2023-06-07 01:14:16,684 WARNING [default] Attempting to use invalid animation script
2023-06-07 01:14:16,719 WARNING [default] Unable to locate animation file for player (C:\msys64\home\Nathan\customProgram\bin\Debug\net7.0\animations\player.txt)
2023-06-07 01:14:16,719 WARNING [default] Attempting to get height of invalid bitmap
2023-06-07 01:14:16,719 WARNING [default] Attempting to get width of invalid bitmap
2023-06-07 01:14:16,719 WARNING [default] Attempting to use invalid animation script
2023-06-07 01:14:16,720 WARNING [default] Unable to locate animation file for player (C:\msys64\home\Nathan\customProgram\bin\Debug\net7.0\animations\player.txt)
2023-06-07 01:14:16,720 WARNING [default] Attempting to get height of invalid bitmap
2023-06-07 01:14:16,720 WARNING [default] Attempting to get width of invalid bitmap
2023-06-07 01:14:16,720 WARNING [default] Attempting to use invalid animation script
2023-06-07 01:14:16,721 WARNING [default] Unable to locate animation file for player (C:\msys64\home\Nathan\customProgram\bin\Debug\net7.0\animations\player.txt)
2023-06-07 01:14:16,722 WARNING [default] Attempting to get height of invalid bitmap
2023-06-07 01:14:16,722 WARNING [default] Attempting to get width of invalid bitmap
2023-06-07 01:14:16,722 WARNING [default] Attempting to use invalid animation script
2023-06-07 01:17:30,160 WARNING [default] Unable to locate animation file for player (C:\msys64\home\Nathan\customProgram\bin\Debug\net7.0\animations\player.txt)
2023-06-07 01:17:30,161 WARNING [default] Attempting to get height of invalid bitmap
2023-06-07 01:17:30,161 WARNING [default] Attempting to get width of invalid bitmap
2023-06-07 01:17:30,162 WARNING [default] Attempting to use invalid animation script
2023-06-07 01:17:30,163 WARNING [default] Unable to locate animation file for assassinScript (C:\msys64\home\Nathan\customProgram\bin\Debug\net7.0\animations\assassin.txt)
2023-06-07 01:17:30,163 WARNING [default] Attempting to get height of invalid bitmap
2023-06-07 01:17:30,163 WARNING [default] Attempting to get width of invalid bitmap
2023-06-07 01:17:30,163 WARNING [default] Attempting to use invalid animation script
2023-06-07 01:17:30,184 WARNING [default] Unable to locate animation file for player (C:\msys64\home\Nathan\customProgram\bin\Debug\net7.0\animations\player.txt)
2023-06-07 01:17:30,184 WARNING [default] Attempting to get height of invalid bitmap
2023-06-07 01:17:30,184 WARNING [default] Attempting to get width of invalid bitmap
2023-06-07 01:17:30,184 WARNING [default] Attempting to use invalid animation script
2023-06-07 01:17:30,186 WARNING [default] Unable to locate animation file for player (C:\msys64\home\Nathan\customProgram\bin\Debug\net7.0\animations\player.txt)
2023-06-07 01:17:30,186 WARNING [default] Attempting to get height of invalid bitmap
2023-06-07 01:17:30,186 WARNING [default] Attempting to get width of invalid bitmap
2023-06-07 01:17:30,186 WARNING [default] Attempting to use invalid animation script
2023-06-07 01:17:30,186 WARNING [default] Unable to locate animation file for skeleton (C:\msys64\home\Nathan\customProgram\bin\Debug\net7.0\animations\skeleton.txt)
2023-06-07 01:17:30,186 WARNING [default] Attempting to get height of invalid bitmap
2023-06-07 01:17:30,186 WARNING [default] Attempting to get width of invalid bitmap
2023-06-07 01:17:30,186 WARNING [default] Attempting to use invalid animation script
2023-06-07 01:17:30,187 WARNING [default] Attempting to get height of invalid bitmap
2023-06-07 01:17:30,187 WARNING [default] Attempting to get width of invalid bitmap
2023-06-07 01:17:30,189 WARNING [default] Attempting to draw to a surface that does not exist.
2023-06-07 01:17:30,190 WARNING [default] Unable to locate animation file for player (C:\msys64\home\Nathan\customProgram\bin\Debug\net7.0\animations\player.txt)
2023-06-07 01:17:30,190 WARNING [default] Attempting to get height of invalid bitmap
2023-06-07 01:17:30,190 WARNING [default] Attempting to get width of invalid bitmap
2023-06-07 01:17:30,190 WARNING [default] Attempting to use invalid animation script
2023-06-07 01:17:30,190 WARNING [default] Attempting to get height of invalid bitmap
2023-06-07 01:17:30,190 WARNING [default] Attempting to get width of invalid bitmap
2023-06-07 01:17:30,191 WARNING [default] Unable to locate animation file for player (C:\msys64\home\Nathan\customProgram\bin\Debug\net7.0\animations\player.txt)
2023-06-07 01:17:30,191 WARNING [default] Attempting to get height of invalid bitmap
2023-06-07 01:17:30,191 WARNING [default] Attempting to get width of invalid bitmap
2023-06-07 01:17:30,191 WARNING [default] Attempting to use invalid animation script
2023-06-07 01:17:30,192 WARNING [default] Attempting to get height of invalid bitmap
2023-06-07 01:17:30,192 WARNING [default] Attempting to get width of invalid bitmap
2023-06-07 01:17:30,193 WARNING [default] Unable to locate animation file for player (C:\msys64\home\Nathan\customProgram\bin\Debug\net7.0\animations\player.txt)
2023-06-07 01:17:30,193 WARNING [default] Attempting to get height of invalid bitmap
2023-06-07 01:17:30,193 WARNING [default] Attempting to get width of invalid bitmap
2023-06-07 01:17:30,193 WARNING [default] Attempting to use invalid animation script
2023-06-07 01:17:30,229 WARNING [default] Unable to locate animation file for player (C:\msys64\home\Nathan\customProgram\bin\Debug\net7.0\animations\player.txt)
2023-06-07 01:17:30,229 WARNING [default] Attempting to get height of invalid bitmap
2023-06-07 01:17:30,229 WARNING [default] Attempting to get width of invalid bitmap
2023-06-07 01:17:30,229 WARNING [default] Attempting to use invalid animation script
2023-06-07 01:17:30,230 WARNING [default] Unable to locate animation file for player (C:\msys64\home\Nathan\customProgram\bin\Debug\net7.0\animations\player.txt)
2023-06-07 01:17:30,230 WARNING [default] Attempting to get height of invalid bitmap
2023-06-07 01:17:30,230 WARNING [default] Attempting to get width of invalid bitmap
2023-06-07 01:17:30,230 WARNING [default] Attempting to use invalid animation script
2023-06-07 01:17:30,231 WARNING [default] Unable to locate animation file for player (C:\msys64\home\Nathan\customProgram\bin\Debug\net7.0\animations\player.txt)
2023-06-07 01:17:30,231 WARNING [default] Attempting to get height of invalid bitmap
2023-06-07 01:17:30,231 WARNING [default] Attempting to get width of invalid bitmap
2023-06-07 01:17:30,232 WARNING [default] Attempting to use invalid animation script
2023-06-07 01:17:49,602 WARNING [default] Unable to locate animation file for player (C:\msys64\home\Nathan\customProgram\bin\Debug\net7.0\animations\player.txt)
2023-06-07 01:17:49,604 WARNING [default] Attempting to get height of invalid bitmap
2023-06-07 01:17:49,604 WARNING [default] Attempting to get width of invalid bitmap
2023-06-07 01:17:49,604 WARNING [default] Attempting to use invalid animation script
2023-06-07 01:17:49,606 WARNING [default] Unable to locate animation file for assassinScript (C:\msys64\home\Nathan\customProgram\bin\Debug\net7.0\animations\assassin.txt)
2023-06-07 01:17:49,606 WARNING [default] Attempting to get height of invalid bitmap
2023-06-07 01:17:49,606 WARNING [default] Attempting to get width of invalid bitmap
2023-06-07 01:17:49,606 WARNING [default] Attempting to use invalid animation script
2023-06-07 01:17:49,624 WARNING [default] Unable to locate animation file for player (C:\msys64\home\Nathan\customProgram\bin\Debug\net7.0\animations\player.txt)
2023-06-07 01:17:49,625 WARNING [default] Attempting to get height of invalid bitmap
2023-06-07 01:17:49,625 WARNING [default] Attempting to get width of invalid bitmap
2023-06-07 01:17:49,625 WARNING [default] Attempting to use invalid animation script
2023-06-07 01:17:49,626 WARNING [default] Unable to locate animation file for player (C:\msys64\home\Nathan\customProgram\bin\Debug\net7.0\animations\player.txt)
2023-06-07 01:17:49,626 WARNING [default] Attempting to get height of invalid bitmap
2023-06-07 01:17:49,626 WARNING [default] Attempting to get width of invalid bitmap
2023-06-07 01:17:49,626 WARNING [default] Attempting to use invalid animation script
2023-06-07 01:17:49,627 WARNING [default] Unable to locate animation file for skeleton (C:\msys64\home\Nathan\customProgram\bin\Debug\net7.0\animations\skeleton.txt)
2023-06-07 01:17:49,627 WARNING [default] Attempting to get height of invalid bitmap
2023-06-07 01:17:49,627 WARNING [default] Attempting to get width of invalid bitmap
2023-06-07 01:17:49,627 WARNING [default] Attempting to use invalid animation script
2023-06-07 01:17:49,627 WARNING [default] Attempting to get height of invalid bitmap
2023-06-07 01:17:49,627 WARNING [default] Attempting to get width of invalid bitmap
2023-06-07 01:17:49,629 WARNING [default] Attempting to draw to a surface that does not exist.
2023-06-07 01:17:49,631 WARNING [default] Unable to locate animation file for player (C:\msys64\home\Nathan\customProgram\bin\Debug\net7.0\animations\player.txt)
2023-06-07 01:17:49,631 WARNING [default] Attempting to get height of invalid bitmap
2023-06-07 01:17:49,631 WARNING [default] Attempting to get width of invalid bitmap
2023-06-07 01:17:49,631 WARNING [default] Attempting to use invalid animation script
2023-06-07 01:17:49,631 WARNING [default] Attempting to get height of invalid bitmap
2023-06-07 01:17:49,631 WARNING [default] Attempting to get width of invalid bitmap
2023-06-07 01:17:49,632 WARNING [default] Unable to locate animation file for player (C:\msys64\home\Nathan\customProgram\bin\Debug\net7.0\animations\player.txt)
2023-06-07 01:17:49,632 WARNING [default] Attempting to get height of invalid bitmap
2023-06-07 01:17:49,632 WARNING [default] Attempting to get width of invalid bitmap
2023-06-07 01:17:49,632 WARNING [default] Attempting to use invalid animation script
2023-06-07 01:17:49,632 WARNING [default] Attempting to get height of invalid bitmap
2023-06-07 01:17:49,632 WARNING [default] Attempting to get width of invalid bitmap
2023-06-07 01:17:49,633 WARNING [default] Unable to locate animation file for player (C:\msys64\home\Nathan\customProgram\bin\Debug\net7.0\animations\player.txt)
2023-06-07 01:17:49,633 WARNING [default] Attempting to get height of invalid bitmap
2023-06-07 01:17:49,633 WARNING [default] Attempting to get width of invalid bitmap
2023-06-07 01:17:49,633 WARNING [default] Attempting to use invalid animation script
2023-06-07 01:17:49,670 WARNING [default] Unable to locate animation file for player (C:\msys64\home\Nathan\customProgram\bin\Debug\net7.0\animations\player.txt)
2023-06-07 01:17:49,670 WARNING [default] Attempting to get height of invalid bitmap
2023-06-07 01:17:49,670 WARNING [default] Attempting to get width of invalid bitmap
2023-06-07 01:17:49,670 WARNING [default] Attempting to use invalid animation script
2023-06-07 01:17:49,671 WARNING [default] Unable to locate animation file for player (C:\msys64\home\Nathan\customProgram\bin\Debug\net7.0\animations\player.txt)
2023-06-07 01:17:49,671 WARNING [default] Attempting to get height of invalid bitmap
2023-06-07 01:17:49,671 WARNING [default] Attempting to get width of invalid bitmap
2023-06-07 01:17:49,671 WARNING [default] Attempting to use invalid animation script
2023-06-07 01:17:49,672 WARNING [default] Unable to locate animation file for player (C:\msys64\home\Nathan\customProgram\bin\Debug\net7.0\animations\player.txt)
2023-06-07 01:17:49,672 WARNING [default] Attempting to get height of invalid bitmap
2023-06-07 01:17:49,672 WARNING [default] Attempting to get width of invalid bitmap
2023-06-07 01:17:49,672 WARNING [default] Attempting to use invalid animation script
2023-06-07 01:19:38,347 WARNING [default] Unable to locate animation file for player (C:\msys64\home\Nathan\customProgram\bin\Debug\net7.0\animations\player.txt)
2023-06-07 01:19:38,349 WARNING [default] Attempting to get height of invalid bitmap
2023-06-07 01:19:38,349 WARNING [default] Attempting to get width of invalid bitmap
2023-06-07 01:19:38,349 WARNING [default] Attempting to use invalid animation script
2023-06-07 01:19:38,350 WARNING [default] Unable to locate animation file for assassinScript (C:\msys64\home\Nathan\customProgram\bin\Debug\net7.0\animations\assassin.txt)
2023-06-07 01:19:38,350 WARNING [default] Attempting to get height of invalid bitmap
2023-06-07 01:19:38,350 WARNING [default] Attempting to get width of invalid bitmap
2023-06-07 01:19:38,350 WARNING [default] Attempting to use invalid animation script
2023-06-07 01:19:38,369 WARNING [default] Unable to locate animation file for player (C:\msys64\home\Nathan\customProgram\bin\Debug\net7.0\animations\player.txt)
2023-06-07 01:19:38,369 WARNING [default] Attempting to get height of invalid bitmap
2023-06-07 01:19:38,369 WARNING [default] Attempting to get width of invalid bitmap
2023-06-07 01:19:38,369 WARNING [default] Attempting to use invalid animation script
2023-06-07 01:19:38,371 WARNING [default] Unable to locate animation file for player (C:\msys64\home\Nathan\customProgram\bin\Debug\net7.0\animations\player.txt)
2023-06-07 01:19:38,371 WARNING [default] Attempting to get height of invalid bitmap
2023-06-07 01:19:38,371 WARNING [default] Attempting to get width of invalid bitmap
2023-06-07 01:19:38,371 WARNING [default] Attempting to use invalid animation script
2023-06-07 01:19:38,371 WARNING [default] Unable to locate animation file for skeleton (C:\msys64\home\Nathan\customProgram\bin\Debug\net7.0\animations\skeleton.txt)
2023-06-07 01:19:38,371 WARNING [default] Attempting to get height of invalid bitmap
2023-06-07 01:19:38,371 WARNING [default] Attempting to get width of invalid bitmap
2023-06-07 01:19:38,371 WARNING [default] Attempting to use invalid animation script
2023-06-07 01:19:38,372 WARNING [default] Attempting to get height of invalid bitmap
2023-06-07 01:19:38,372 WARNING [default] Attempting to get width of invalid bitmap
2023-06-07 01:19:38,374 WARNING [default] Attempting to draw to a surface that does not exist.
2023-06-07 01:19:38,375 WARNING [default] Unable to locate animation file for player (C:\msys64\home\Nathan\customProgram\bin\Debug\net7.0\animations\player.txt)
2023-06-07 01:19:38,375 WARNING [default] Attempting to get height of invalid bitmap
2023-06-07 01:19:38,375 WARNING [default] Attempting to get width of invalid bitmap
2023-06-07 01:19:38,375 WARNING [default] Attempting to use invalid animation script
2023-06-07 01:19:38,375 WARNING [default] Attempting to get height of invalid bitmap
2023-06-07 01:19:38,375 WARNING [default] Attempting to get width of invalid bitmap
2023-06-07 01:19:38,376 WARNING [default] Unable to locate animation file for player (C:\msys64\home\Nathan\customProgram\bin\Debug\net7.0\animations\player.txt)
2023-06-07 01:19:38,376 WARNING [default] Attempting to get height of invalid bitmap
2023-06-07 01:19:38,376 WARNING [default] Attempting to get width of invalid bitmap
2023-06-07 01:19:38,376 WARNING [default] Attempting to use invalid animation script
2023-06-07 01:19:38,376 WARNING [default] Attempting to get height of invalid bitmap
2023-06-07 01:19:38,376 WARNING [default] Attempting to get width of invalid bitmap
2023-06-07 01:19:38,377 WARNING [default] Unable to locate animation file for player (C:\msys64\home\Nathan\customProgram\bin\Debug\net7.0\animations\player.txt)
2023-06-07 01:19:38,377 WARNING [default] Attempting to get height of invalid bitmap
2023-06-07 01:19:38,377 WARNING [default] Attempting to get width of invalid bitmap
2023-06-07 01:19:38,377 WARNING [default] Attempting to use invalid animation script
2023-06-07 01:19:38,378 WARNING [default] Unable to locate animation file for player (C:\msys64\home\Nathan\customProgram\bin\Debug\net7.0\animations\player.txt)
2023-06-07 01:19:38,378 WARNING [default] Attempting to get height of invalid bitmap
2023-06-07 01:19:38,378 WARNING [default] Attempting to get width of invalid bitmap
2023-06-07 01:19:38,378 WARNING [default] Attempting to use invalid animation script
2023-06-07 01:19:38,379 WARNING [default] Unable to locate animation file for player (C:\msys64\home\Nathan\customProgram\bin\Debug\net7.0\animations\player.txt)
2023-06-07 01:19:38,379 WARNING [default] Attempting to get height of invalid bitmap
2023-06-07 01:19:38,379 WARNING [default] Attempting to get width of invalid bitmap
2023-06-07 01:19:38,379 WARNING [default] Attempting to use invalid animation script
2023-06-07 01:19:38,380 WARNING [default] Unable to locate animation file for player (C:\msys64\home\Nathan\customProgram\bin\Debug\net7.0\animations\player.txt)
2023-06-07 01:19:38,380 WARNING [default] Attempting to get height of invalid bitmap
2023-06-07 01:19:38,380 WARNING [default] Attempting to get width of invalid bitmap
2023-06-07 01:19:38,380 WARNING [default] Attempting to use invalid animation script
2023-06-07 01:21:44,971 WARNING [default] Unable to locate animation file for player (C:\msys64\home\Nathan\customProgram\bin\Debug\net7.0\animations\player.txt)
2023-06-07 01:21:44,973 WARNING [default] Attempting to get height of invalid bitmap
2023-06-07 01:21:44,973 WARNING [default] Attempting to get width of invalid bitmap
2023-06-07 01:21:44,973 WARNING [default] Attempting to use invalid animation script
2023-06-07 01:21:44,974 WARNING [default] Unable to locate animation file for assassinScript (C:\msys64\home\Nathan\customProgram\bin\Debug\net7.0\animations\assassin.txt)
2023-06-07 01:21:44,974 WARNING [default] Attempting to get height of invalid bitmap
2023-06-07 01:21:44,974 WARNING [default] Attempting to get width of invalid bitmap
2023-06-07 01:21:44,975 WARNING [default] Attempting to use invalid animation script
2023-06-07 01:21:44,993 WARNING [default] Unable to locate animation file for player (C:\msys64\home\Nathan\customProgram\bin\Debug\net7.0\animations\player.txt)
2023-06-07 01:21:44,993 WARNING [default] Attempting to get height of invalid bitmap
2023-06-07 01:21:44,993 WARNING [default] Attempting to get width of invalid bitmap
2023-06-07 01:21:44,993 WARNING [default] Attempting to use invalid animation script
2023-06-07 01:21:44,995 WARNING [default] Unable to locate animation file for player (C:\msys64\home\Nathan\customProgram\bin\Debug\net7.0\animations\player.txt)
2023-06-07 01:21:44,995 WARNING [default] Attempting to get height of invalid bitmap
2023-06-07 01:21:44,995 WARNING [default] Attempting to get width of invalid bitmap
2023-06-07 01:21:44,996 WARNING [default] Attempting to use invalid animation script
2023-06-07 01:21:44,996 WARNING [default] Unable to locate animation file for skeleton (C:\msys64\home\Nathan\customProgram\bin\Debug\net7.0\animations\skeleton.txt)
2023-06-07 01:21:44,996 WARNING [default] Attempting to get height of invalid bitmap
2023-06-07 01:21:44,996 WARNING [default] Attempting to get width of invalid bitmap
2023-06-07 01:21:44,996 WARNING [default] Attempting to use invalid animation script
2023-06-07 01:21:44,996 WARNING [default] Attempting to get height of invalid bitmap
2023-06-07 01:21:44,996 WARNING [default] Attempting to get width of invalid bitmap
2023-06-07 01:21:44,999 WARNING [default] Attempting to draw to a surface that does not exist.
2023-06-07 01:21:45,000 WARNING [default] Unable to locate animation file for player (C:\msys64\home\Nathan\customProgram\bin\Debug\net7.0\animations\player.txt)
2023-06-07 01:21:45,000 WARNING [default] Attempting to get height of invalid bitmap
2023-06-07 01:21:45,000 WARNING [default] Attempting to get width of invalid bitmap
2023-06-07 01:21:45,000 WARNING [default] Attempting to use invalid animation script
2023-06-07 01:21:45,000 WARNING [default] Attempting to get height of invalid bitmap
2023-06-07 01:21:45,000 WARNING [default] Attempting to get width of invalid bitmap
2023-06-07 01:21:45,001 WARNING [default] Unable to locate animation file for player (C:\msys64\home\Nathan\customProgram\bin\Debug\net7.0\animations\player.txt)
2023-06-07 01:21:45,001 WARNING [default] Attempting to get height of invalid bitmap
2023-06-07 01:21:45,001 WARNING [default] Attempting to get width of invalid bitmap
2023-06-07 01:21:45,001 WARNING [default] Attempting to use invalid animation script
2023-06-07 01:21:45,002 WARNING [default] Attempting to get height of invalid bitmap
2023-06-07 01:21:45,002 WARNING [default] Attempting to get width of invalid bitmap
2023-06-07 01:21:45,003 WARNING [default] Unable to locate animation file for player (C:\msys64\home\Nathan\customProgram\bin\Debug\net7.0\animations\player.txt)
2023-06-07 01:21:45,003 WARNING [default] Attempting to get height of invalid bitmap
2023-06-07 01:21:45,003 WARNING [default] Attempting to get width of invalid bitmap
2023-06-07 01:21:45,003 WARNING [default] Attempting to use invalid animation script
2023-06-07 01:21:45,003 WARNING [default] Unable to locate animation file for player (C:\msys64\home\Nathan\customProgram\bin\Debug\net7.0\animations\player.txt)
2023-06-07 01:21:45,004 WARNING [default] Attempting to get height of invalid bitmap
2023-06-07 01:21:45,004 WARNING [default] Attempting to get width of invalid bitmap
2023-06-07 01:21:45,004 WARNING [default] Attempting to use invalid animation script
2023-06-07 01:21:45,004 WARNING [default] Unable to locate animation file for player (C:\msys64\home\Nathan\customProgram\bin\Debug\net7.0\animations\player.txt)
2023-06-07 01:21:45,004 WARNING [default] Attempting to get height of invalid bitmap
2023-06-07 01:21:45,004 WARNING [default] Attempting to get width of invalid bitmap
2023-06-07 01:21:45,004 WARNING [default] Attempting to use invalid animation script
2023-06-07 01:21:45,005 WARNING [default] Unable to locate animation file for player (C:\msys64\home\Nathan\customProgram\bin\Debug\net7.0\animations\player.txt)
2023-06-07 01:21:45,005 WARNING [default] Attempting to get height of invalid bitmap
2023-06-07 01:21:45,005 WARNING [default] Attempting to get width of invalid bitmap
2023-06-07 01:21:45,005 WARNING [default] Attempting to use invalid animation script
2023-06-07 17:59:05,793 WARNING [default] Unable to locate animation file for player (C:\msys64\home\Nathan\customProgram\bin\Debug\net7.0\animations\player.txt)
2023-06-07 17:59:05,794 WARNING [default] Attempting to get height of invalid bitmap
2023-06-07 17:59:05,794 WARNING [default] Attempting to get width of invalid bitmap
2023-06-07 17:59:05,795 WARNING [default] Attempting to use invalid animation script
2023-06-07 17:59:05,797 WARNING [default] Unable to locate animation file for assassinScript (C:\msys64\home\Nathan\customProgram\bin\Debug\net7.0\animations\assassin.txt)
2023-06-07 17:59:05,797 WARNING [default] Attempting to get height of invalid bitmap
2023-06-07 17:59:05,797 WARNING [default] Attempting to get width of invalid bitmap
2023-06-07 17:59:05,797 WARNING [default] Attempting to use invalid animation script
2023-06-07 17:59:05,817 WARNING [default] Unable to locate animation file for player (C:\msys64\home\Nathan\customProgram\bin\Debug\net7.0\animations\player.txt)
2023-06-07 17:59:05,817 WARNING [default] Attempting to get height of invalid bitmap
2023-06-07 17:59:05,817 WARNING [default] Attempting to get width of invalid bitmap
2023-06-07 17:59:05,817 WARNING [default] Attempting to use invalid animation script
2023-06-07 17:59:05,819 WARNING [default] Unable to locate animation file for player (C:\msys64\home\Nathan\customProgram\bin\Debug\net7.0\animations\player.txt)
2023-06-07 17:59:05,819 WARNING [default] Attempting to get height of invalid bitmap
2023-06-07 17:59:05,819 WARNING [default] Attempting to get width of invalid bitmap
2023-06-07 17:59:05,819 WARNING [default] Attempting to use invalid animation script
2023-06-07 17:59:05,819 WARNING [default] Unable to locate animation file for skeleton (C:\msys64\home\Nathan\customProgram\bin\Debug\net7.0\animations\skeleton.txt)
2023-06-07 17:59:05,819 WARNING [default] Attempting to get height of invalid bitmap
2023-06-07 17:59:05,819 WARNING [default] Attempting to get width of invalid bitmap
2023-06-07 17:59:05,819 WARNING [default] Attempting to use invalid animation script
2023-06-07 17:59:05,820 WARNING [default] Attempting to get height of invalid bitmap
2023-06-07 17:59:05,820 WARNING [default] Attempting to get width of invalid bitmap
2023-06-07 17:59:05,822 WARNING [default] Attempting to draw to a surface that does not exist.
2023-06-07 17:59:05,824 WARNING [default] Unable to locate animation file for player (C:\msys64\home\Nathan\customProgram\bin\Debug\net7.0\animations\player.txt)
2023-06-07 17:59:05,824 WARNING [default] Attempting to get height of invalid bitmap
2023-06-07 17:59:05,824 WARNING [default] Attempting to get width of invalid bitmap
2023-06-07 17:59:05,824 WARNING [default] Attempting to use invalid animation script
2023-06-07 17:59:05,824 WARNING [default] Attempting to get height of invalid bitmap
2023-06-07 17:59:05,824 WARNING [default] Attempting to get width of invalid bitmap
2023-06-07 17:59:05,826 WARNING [default] Unable to locate animation file for player (C:\msys64\home\Nathan\customProgram\bin\Debug\net7.0\animations\player.txt)
2023-06-07 17:59:05,826 WARNING [default] Attempting to get height of invalid bitmap
2023-06-07 17:59:05,826 WARNING [default] Attempting to get width of invalid bitmap
2023-06-07 17:59:05,826 WARNING [default] Attempting to use invalid animation script
2023-06-07 17:59:05,826 WARNING [default] Attempting to get height of invalid bitmap
2023-06-07 17:59:05,826 WARNING [default] Attempting to get width of invalid bitmap
2023-06-07 17:59:05,827 WARNING [default] Unable to locate animation file for player (C:\msys64\home\Nathan\customProgram\bin\Debug\net7.0\animations\player.txt)
2023-06-07 17:59:05,827 WARNING [default] Attempting to get height of invalid bitmap
2023-06-07 17:59:05,827 WARNING [default] Attempting to get width of invalid bitmap
2023-06-07 17:59:05,827 WARNING [default] Attempting to use invalid animation script
2023-06-07 17:59:05,828 WARNING [default] Unable to locate animation file for player (C:\msys64\home\Nathan\customProgram\bin\Debug\net7.0\animations\player.txt)
2023-06-07 17:59:05,828 WARNING [default] Attempting to get height of invalid bitmap
2023-06-07 17:59:05,828 WARNING [default] Attempting to get width of invalid bitmap
2023-06-07 17:59:05,828 WARNING [default] Attempting to use invalid animation script
2023-06-07 17:59:05,829 WARNING [default] Unable to locate animation file for player (C:\msys64\home\Nathan\customProgram\bin\Debug\net7.0\animations\player.txt)
2023-06-07 17:59:05,829 WARNING [default] Attempting to get height of invalid bitmap
2023-06-07 17:59:05,829 WARNING [default] Attempting to get width of invalid bitmap
2023-06-07 17:59:05,829 WARNING [default] Attempting to use invalid animation script
2023-06-07 17:59:05,830 WARNING [default] Unable to locate animation file for player (C:\msys64\home\Nathan\customProgram\bin\Debug\net7.0\animations\player.txt)
2023-06-07 17:59:05,830 WARNING [default] Attempting to get height of invalid bitmap
2023-06-07 17:59:05,830 WARNING [default] Attempting to get width of invalid bitmap
2023-06-07 17:59:05,830 WARNING [default] Attempting to use invalid animation script
